
         /\      Grafana   /‾‾/  
    /\  /  \     |\  __   /  /   
   /  \/    \    | |/ /  /   ‾‾\ 
  /          \   |   (  |  (‾)  |
 / __________ \  |_|\_\  \_____/ 


     execution: local
        script: load/k6-script.js
        output: -

     scenarios: (100.00%) 1 scenario, 400 max VUs, 14m30s max duration (incl. graceful stop):
              * rampup: Up to 120.00 iterations/s for 14m0s over 5 stages (maxVUs: 50-400, gracefulStop: 30s)


running (00m00.9s), 002/050 VUs, 2 complete and 0 interrupted iterations
rampup   [   0% ] 002/050 VUs  00m00.9s/14m0s  005.00 iters/s

running (00m01.9s), 002/050 VUs, 7 complete and 0 interrupted iterations
rampup   [   0% ] 002/050 VUs  00m01.9s/14m0s  005.00 iters/s

running (00m02.9s), 001/050 VUs, 13 complete and 0 interrupted iterations
rampup   [   0% ] 001/050 VUs  00m02.9s/14m0s  005.00 iters/s

running (00m03.9s), 002/050 VUs, 17 complete and 0 interrupted iterations
rampup   [   0% ] 002/050 VUs  00m03.9s/14m0s  005.00 iters/s

running (00m04.9s), 001/050 VUs, 23 complete and 0 interrupted iterations
rampup   [   1% ] 001/050 VUs  00m04.9s/14m0s  005.00 iters/s

running (00m05.9s), 002/050 VUs, 27 complete and 0 interrupted iterations
rampup   [   1% ] 002/050 VUs  00m05.9s/14m0s  005.00 iters/s

running (00m06.9s), 002/050 VUs, 32 complete and 0 interrupted iterations
rampup   [   1% ] 002/050 VUs  00m06.9s/14m0s  005.00 iters/s

running (00m07.9s), 001/050 VUs, 38 complete and 0 interrupted iterations
rampup   [   1% ] 001/050 VUs  00m07.9s/14m0s  005.00 iters/s

running (00m08.9s), 002/050 VUs, 42 complete and 0 interrupted iterations
rampup   [   1% ] 002/050 VUs  00m08.9s/14m0s  005.00 iters/s

running (00m09.9s), 001/050 VUs, 48 complete and 0 interrupted iterations
rampup   [   1% ] 001/050 VUs  00m09.9s/14m0s  005.00 iters/s

running (00m10.9s), 002/050 VUs, 52 complete and 0 interrupted iterations
rampup   [   1% ] 002/050 VUs  00m10.9s/14m0s  005.00 iters/s

running (00m11.9s), 001/050 VUs, 58 complete and 0 interrupted iterations
rampup   [   1% ] 001/050 VUs  00m11.9s/14m0s  005.00 iters/s

running (00m12.9s), 000/050 VUs, 64 complete and 0 interrupted iterations
rampup   [   2% ] 000/050 VUs  00m12.9s/14m0s  005.00 iters/s

running (00m13.9s), 001/050 VUs, 68 complete and 0 interrupted iterations
rampup   [   2% ] 001/050 VUs  00m13.9s/14m0s  005.00 iters/s

running (00m14.9s), 002/050 VUs, 72 complete and 0 interrupted iterations
rampup   [   2% ] 002/050 VUs  00m14.9s/14m0s  005.00 iters/s

running (00m15.9s), 001/050 VUs, 78 complete and 0 interrupted iterations
rampup   [   2% ] 001/050 VUs  00m15.9s/14m0s  005.00 iters/s

running (00m16.9s), 002/050 VUs, 82 complete and 0 interrupted iterations
rampup   [   2% ] 002/050 VUs  00m16.9s/14m0s  005.00 iters/s

running (00m17.9s), 001/050 VUs, 88 complete and 0 interrupted iterations
rampup   [   2% ] 001/050 VUs  00m17.9s/14m0s  005.00 iters/s

running (00m18.9s), 002/050 VUs, 92 complete and 0 interrupted iterations
rampup   [   2% ] 002/050 VUs  00m18.9s/14m0s  005.00 iters/s

running (00m19.9s), 002/050 VUs, 97 complete and 0 interrupted iterations
rampup   [   2% ] 002/050 VUs  00m19.9s/14m0s  005.00 iters/s

running (00m20.9s), 001/050 VUs, 103 complete and 0 interrupted iterations
rampup   [   2% ] 001/050 VUs  00m20.9s/14m0s  005.00 iters/s

running (00m21.9s), 002/050 VUs, 107 complete and 0 interrupted iterations
rampup   [   3% ] 002/050 VUs  00m21.9s/14m0s  005.00 iters/s

running (00m22.9s), 001/050 VUs, 113 complete and 0 interrupted iterations
rampup   [   3% ] 001/050 VUs  00m22.9s/14m0s  005.00 iters/s

running (00m23.9s), 002/050 VUs, 117 complete and 0 interrupted iterations
rampup   [   3% ] 002/050 VUs  00m23.9s/14m0s  005.00 iters/s

running (00m24.9s), 001/050 VUs, 123 complete and 0 interrupted iterations
rampup   [   3% ] 001/050 VUs  00m24.9s/14m0s  005.00 iters/s

running (00m25.9s), 001/050 VUs, 128 complete and 0 interrupted iterations
rampup   [   3% ] 001/050 VUs  00m25.9s/14m0s  005.00 iters/s

running (00m26.9s), 002/050 VUs, 132 complete and 0 interrupted iterations
rampup   [   3% ] 002/050 VUs  00m26.9s/14m0s  005.00 iters/s

running (00m27.9s), 001/050 VUs, 138 complete and 0 interrupted iterations
rampup   [   3% ] 001/050 VUs  00m27.9s/14m0s  005.00 iters/s

running (00m28.9s), 001/050 VUs, 143 complete and 0 interrupted iterations
rampup   [   3% ] 001/050 VUs  00m28.9s/14m0s  005.00 iters/s

running (00m29.9s), 002/050 VUs, 147 complete and 0 interrupted iterations
rampup   [   4% ] 002/050 VUs  00m29.9s/14m0s  005.00 iters/s

running (00m30.9s), 001/050 VUs, 153 complete and 0 interrupted iterations
rampup   [   4% ] 001/050 VUs  00m30.9s/14m0s  005.00 iters/s

running (00m31.9s), 002/050 VUs, 157 complete and 0 interrupted iterations
rampup   [   4% ] 002/050 VUs  00m31.9s/14m0s  005.00 iters/s

running (00m32.9s), 001/050 VUs, 163 complete and 0 interrupted iterations
rampup   [   4% ] 001/050 VUs  00m32.9s/14m0s  005.00 iters/s

running (00m33.9s), 002/050 VUs, 167 complete and 0 interrupted iterations
rampup   [   4% ] 002/050 VUs  00m33.9s/14m0s  005.00 iters/s

running (00m34.9s), 001/050 VUs, 173 complete and 0 interrupted iterations
rampup   [   4% ] 001/050 VUs  00m34.9s/14m0s  005.00 iters/s

running (00m35.9s), 002/050 VUs, 177 complete and 0 interrupted iterations
rampup   [   4% ] 002/050 VUs  00m35.9s/14m0s  005.00 iters/s

running (00m36.9s), 001/050 VUs, 183 complete and 0 interrupted iterations
rampup   [   4% ] 001/050 VUs  00m36.9s/14m0s  005.00 iters/s

running (00m37.9s), 000/050 VUs, 189 complete and 0 interrupted iterations
rampup   [   5% ] 000/050 VUs  00m37.9s/14m0s  005.00 iters/s

running (00m38.9s), 001/050 VUs, 193 complete and 0 interrupted iterations
rampup   [   5% ] 001/050 VUs  00m38.9s/14m0s  005.00 iters/s

running (00m39.9s), 002/050 VUs, 197 complete and 0 interrupted iterations
rampup   [   5% ] 002/050 VUs  00m39.9s/14m0s  005.00 iters/s

running (00m40.9s), 001/050 VUs, 203 complete and 0 interrupted iterations
rampup   [   5% ] 001/050 VUs  00m40.9s/14m0s  005.00 iters/s

running (00m41.9s), 002/050 VUs, 207 complete and 0 interrupted iterations
rampup   [   5% ] 002/050 VUs  00m41.9s/14m0s  005.00 iters/s

running (00m42.9s), 001/050 VUs, 213 complete and 0 interrupted iterations
rampup   [   5% ] 001/050 VUs  00m42.9s/14m0s  005.00 iters/s

running (00m43.9s), 002/050 VUs, 217 complete and 0 interrupted iterations
rampup   [   5% ] 002/050 VUs  00m43.9s/14m0s  005.00 iters/s

running (00m44.9s), 001/050 VUs, 223 complete and 0 interrupted iterations
rampup   [   5% ] 001/050 VUs  00m44.9s/14m0s  005.00 iters/s

running (00m45.9s), 002/050 VUs, 227 complete and 0 interrupted iterations
rampup   [   5% ] 002/050 VUs  00m45.9s/14m0s  005.00 iters/s

running (00m46.9s), 001/050 VUs, 233 complete and 0 interrupted iterations
rampup   [   6% ] 001/050 VUs  00m46.9s/14m0s  005.00 iters/s

running (00m47.9s), 001/050 VUs, 238 complete and 0 interrupted iterations
rampup   [   6% ] 001/050 VUs  00m47.9s/14m0s  005.00 iters/s

running (00m48.9s), 002/050 VUs, 242 complete and 0 interrupted iterations
rampup   [   6% ] 002/050 VUs  00m48.9s/14m0s  005.00 iters/s

running (00m49.9s), 001/050 VUs, 248 complete and 0 interrupted iterations
rampup   [   6% ] 001/050 VUs  00m49.9s/14m0s  005.00 iters/s

running (00m50.9s), 002/050 VUs, 252 complete and 0 interrupted iterations
rampup   [   6% ] 002/050 VUs  00m50.9s/14m0s  005.00 iters/s

running (00m51.9s), 001/050 VUs, 258 complete and 0 interrupted iterations
rampup   [   6% ] 001/050 VUs  00m51.9s/14m0s  005.00 iters/s

running (00m52.9s), 002/050 VUs, 262 complete and 0 interrupted iterations
rampup   [   6% ] 002/050 VUs  00m52.9s/14m0s  005.00 iters/s

running (00m53.9s), 001/050 VUs, 268 complete and 0 interrupted iterations
rampup   [   6% ] 001/050 VUs  00m53.9s/14m0s  005.00 iters/s

running (00m54.9s), 002/050 VUs, 272 complete and 0 interrupted iterations
rampup   [   7% ] 002/050 VUs  00m54.9s/14m0s  005.00 iters/s

running (00m55.9s), 001/050 VUs, 278 complete and 0 interrupted iterations
rampup   [   7% ] 001/050 VUs  00m55.9s/14m0s  005.00 iters/s

running (00m56.9s), 000/050 VUs, 284 complete and 0 interrupted iterations
rampup   [   7% ] 000/050 VUs  00m56.9s/14m0s  005.00 iters/s

running (00m57.9s), 001/050 VUs, 288 complete and 0 interrupted iterations
rampup   [   7% ] 001/050 VUs  00m57.9s/14m0s  005.00 iters/s

running (00m58.9s), 002/050 VUs, 292 complete and 0 interrupted iterations
rampup   [   7% ] 002/050 VUs  00m58.9s/14m0s  005.00 iters/s

running (00m59.9s), 001/050 VUs, 298 complete and 0 interrupted iterations
rampup   [   7% ] 001/050 VUs  00m59.9s/14m0s  005.00 iters/s

running (01m00.9s), 001/050 VUs, 304 complete and 0 interrupted iterations
rampup   [   7% ] 001/050 VUs  01m00.9s/14m0s  005.96 iters/s

running (01m01.9s), 001/050 VUs, 310 complete and 0 interrupted iterations
rampup   [   7% ] 001/050 VUs  01m01.9s/14m0s  006.86 iters/s

running (01m02.9s), 002/050 VUs, 316 complete and 0 interrupted iterations
rampup   [   7% ] 002/050 VUs  01m02.9s/14m0s  007.78 iters/s

running (01m03.9s), 004/050 VUs, 323 complete and 0 interrupted iterations
rampup   [   8% ] 004/050 VUs  01m03.9s/14m0s  008.82 iters/s

running (01m04.9s), 002/050 VUs, 334 complete and 0 interrupted iterations
rampup   [   8% ] 002/050 VUs  01m04.9s/14m0s  009.74 iters/s

running (01m05.9s), 004/050 VUs, 342 complete and 0 interrupted iterations
rampup   [   8% ] 004/050 VUs  01m05.9s/14m0s  010.68 iters/s

running (01m06.9s), 004/050 VUs, 353 complete and 0 interrupted iterations
rampup   [   8% ] 004/050 VUs  01m06.9s/14m0s  011.63 iters/s

running (01m07.9s), 000/050 VUs, 369 complete and 0 interrupted iterations
rampup   [   8% ] 000/050 VUs  01m07.9s/14m0s  012.58 iters/s

running (01m08.9s), 003/050 VUs, 379 complete and 0 interrupted iterations
rampup   [   8% ] 003/050 VUs  01m08.9s/14m0s  013.53 iters/s

running (01m09.9s), 005/050 VUs, 392 complete and 0 interrupted iterations
rampup   [   8% ] 005/050 VUs  01m09.9s/14m0s  014.56 iters/s

running (01m10.9s), 001/050 VUs, 411 complete and 0 interrupted iterations
rampup   [   8% ] 001/050 VUs  01m10.9s/14m0s  015.51 iters/s

running (01m11.9s), 005/050 VUs, 423 complete and 0 interrupted iterations
rampup   [   9% ] 005/050 VUs  01m11.9s/14m0s  016.47 iters/s

running (01m12.9s), 005/050 VUs, 439 complete and 0 interrupted iterations
rampup   [   9% ] 005/050 VUs  01m12.9s/14m0s  017.38 iters/s

running (01m13.9s), 007/050 VUs, 455 complete and 0 interrupted iterations
rampup   [   9% ] 007/050 VUs  01m13.9s/14m0s  018.34 iters/s

running (01m14.9s), 003/050 VUs, 478 complete and 0 interrupted iterations
rampup   [   9% ] 003/050 VUs  01m14.9s/14m0s  019.31 iters/s

running (01m15.9s), 007/050 VUs, 494 complete and 0 interrupted iterations
rampup   [   9% ] 007/050 VUs  01m15.9s/14m0s  020.28 iters/s

running (01m16.9s), 006/050 VUs, 516 complete and 0 interrupted iterations
rampup   [   9% ] 006/050 VUs  01m16.9s/14m0s  021.25 iters/s

running (01m17.9s), 001/050 VUs, 542 complete and 0 interrupted iterations
rampup   [   9% ] 001/050 VUs  01m17.9s/14m0s  022.17 iters/s

running (01m18.9s), 006/050 VUs, 560 complete and 0 interrupted iterations
rampup   [   9% ] 006/050 VUs  01m18.9s/14m0s  023.15 iters/s

running (01m19.9s), 003/050 VUs, 587 complete and 0 interrupted iterations
rampup   [  10% ] 003/050 VUs  01m19.9s/14m0s  024.12 iters/s

running (01m20.9s), 007/050 VUs, 607 complete and 0 interrupted iterations
rampup   [  10% ] 007/050 VUs  01m20.9s/14m0s  025.06 iters/s

running (01m21.9s), 007/050 VUs, 633 complete and 0 interrupted iterations
rampup   [  10% ] 007/050 VUs  01m21.9s/14m0s  026.03 iters/s

running (01m22.9s), 003/050 VUs, 663 complete and 0 interrupted iterations
rampup   [  10% ] 003/050 VUs  01m22.9s/14m0s  026.97 iters/s

running (01m23.9s), 009/050 VUs, 685 complete and 0 interrupted iterations
rampup   [  10% ] 009/050 VUs  01m23.9s/14m0s  027.95 iters/s

running (01m24.9s), 006/050 VUs, 716 complete and 0 interrupted iterations
rampup   [  10% ] 006/050 VUs  01m24.9s/14m0s  028.89 iters/s

running (01m25.9s), 011/050 VUs, 741 complete and 0 interrupted iterations
rampup   [  10% ] 011/050 VUs  01m25.9s/14m0s  029.87 iters/s

running (01m26.9s), 005/050 VUs, 777 complete and 0 interrupted iterations
rampup   [  10% ] 005/050 VUs  01m26.9s/14m0s  030.82 iters/s

running (01m27.9s), 010/050 VUs, 803 complete and 0 interrupted iterations
rampup   [  10% ] 010/050 VUs  01m27.9s/14m0s  031.77 iters/s

running (01m28.9s), 006/050 VUs, 839 complete and 0 interrupted iterations
rampup   [  11% ] 006/050 VUs  01m28.9s/14m0s  032.72 iters/s

running (01m29.9s), 003/050 VUs, 876 complete and 0 interrupted iterations
rampup   [  11% ] 003/050 VUs  01m29.9s/14m0s  033.70 iters/s

running (01m30.9s), 010/050 VUs, 903 complete and 0 interrupted iterations
rampup   [  11% ] 010/050 VUs  01m30.9s/14m0s  034.65 iters/s

running (01m31.9s), 005/050 VUs, 943 complete and 0 interrupted iterations
rampup   [  11% ] 005/050 VUs  01m31.9s/14m0s  035.61 iters/s

running (01m32.9s), 009/050 VUs, 975 complete and 0 interrupted iterations
rampup   [  11% ] 009/050 VUs  01m32.9s/14m0s  036.56 iters/s

running (01m33.9s), 013/050 VUs, 1008 complete and 0 interrupted iterations
rampup   [  11% ] 013/050 VUs  01m33.9s/14m0s  037.52 iters/s

running (01m34.9s), 014/050 VUs, 1045 complete and 0 interrupted iterations
rampup   [  11% ] 014/050 VUs  01m34.9s/14m0s  038.48 iters/s

running (01m35.9s), 003/050 VUs, 1095 complete and 0 interrupted iterations
rampup   [  11% ] 003/050 VUs  01m35.9s/14m0s  039.44 iters/s

running (01m36.9s), 008/050 VUs, 1130 complete and 0 interrupted iterations
rampup   [  12% ] 008/050 VUs  01m36.9s/14m0s  040.40 iters/s

running (01m37.9s), 005/050 VUs, 1174 complete and 0 interrupted iterations
rampup   [  12% ] 005/050 VUs  01m37.9s/14m0s  041.36 iters/s

running (01m38.9s), 012/050 VUs, 1209 complete and 0 interrupted iterations
rampup   [  12% ] 012/050 VUs  01m38.9s/14m0s  042.32 iters/s

running (01m39.9s), 016/050 VUs, 1248 complete and 0 interrupted iterations
rampup   [  12% ] 016/050 VUs  01m39.9s/14m0s  043.29 iters/s

running (01m40.9s), 007/050 VUs, 1300 complete and 0 interrupted iterations
rampup   [  12% ] 007/050 VUs  01m40.9s/14m0s  044.23 iters/s

running (01m41.9s), 011/050 VUs, 1341 complete and 0 interrupted iterations
rampup   [  12% ] 011/050 VUs  01m41.9s/14m0s  045.19 iters/s

running (01m42.9s), 004/050 VUs, 1394 complete and 0 interrupted iterations
rampup   [  12% ] 004/050 VUs  01m42.9s/14m0s  046.16 iters/s

running (01m43.9s), 010/050 VUs, 1434 complete and 0 interrupted iterations
rampup   [  12% ] 010/050 VUs  01m43.9s/14m0s  047.10 iters/s

running (01m44.9s), 017/050 VUs, 1475 complete and 0 interrupted iterations
rampup   [  12% ] 017/050 VUs  01m44.9s/14m0s  048.07 iters/s

running (01m45.9s), 009/050 VUs, 1531 complete and 0 interrupted iterations
rampup   [  13% ] 009/050 VUs  01m45.9s/14m0s  049.02 iters/s

running (01m46.9s), 021/050 VUs, 1569 complete and 0 interrupted iterations
rampup   [  13% ] 021/050 VUs  01m46.9s/14m0s  049.98 iters/s

running (01m47.9s), 010/050 VUs, 1630 complete and 0 interrupted iterations
rampup   [  13% ] 010/050 VUs  01m47.9s/14m0s  050.93 iters/s

running (01m48.9s), 031/050 VUs, 1661 complete and 0 interrupted iterations
rampup   [  13% ] 031/050 VUs  01m48.9s/14m0s  051.90 iters/s

running (01m49.9s), 017/050 VUs, 1727 complete and 0 interrupted iterations
rampup   [  13% ] 017/050 VUs  01m49.9s/14m0s  052.85 iters/s

running (01m50.9s), 010/050 VUs, 1787 complete and 0 interrupted iterations
rampup   [  13% ] 010/050 VUs  01m50.9s/14m0s  053.82 iters/s

running (01m51.9s), 024/050 VUs, 1828 complete and 0 interrupted iterations
rampup   [  13% ] 024/050 VUs  01m51.9s/14m0s  054.78 iters/s

running (01m52.9s), 010/050 VUs, 1897 complete and 0 interrupted iterations
rampup   [  13% ] 010/050 VUs  01m52.9s/14m0s  055.73 iters/s

running (01m53.9s), 017/050 VUs, 1946 complete and 0 interrupted iterations
rampup   [  14% ] 017/050 VUs  01m53.9s/14m0s  056.69 iters/s

running (01m54.9s), 024/050 VUs, 1996 complete and 0 interrupted iterations
rampup   [  14% ] 024/050 VUs  01m54.9s/14m0s  057.64 iters/s

running (01m55.9s), 023/050 VUs, 2056 complete and 0 interrupted iterations
rampup   [  14% ] 023/050 VUs  01m55.9s/14m0s  058.61 iters/s

running (01m56.9s), 013/050 VUs, 2125 complete and 0 interrupted iterations
rampup   [  14% ] 013/050 VUs  01m56.9s/14m0s  059.57 iters/s

running (01m57.9s), 025/050 VUs, 2173 complete and 0 interrupted iterations
rampup   [  14% ] 025/050 VUs  01m57.9s/14m0s  060.53 iters/s

running (01m58.9s), 016/050 VUs, 2243 complete and 0 interrupted iterations
rampup   [  14% ] 016/050 VUs  01m58.9s/14m0s  061.49 iters/s

running (01m59.9s), 011/050 VUs, 2310 complete and 0 interrupted iterations
rampup   [  14% ] 011/050 VUs  01m59.9s/14m0s  062.45 iters/s

running (02m00.9s), 012/050 VUs, 2372 complete and 0 interrupted iterations
rampup   [  14% ] 012/050 VUs  02m00.9s/14m0s  063.41 iters/s

running (02m01.9s), 015/050 VUs, 2432 complete and 0 interrupted iterations
rampup   [  15% ] 015/050 VUs  02m01.9s/14m0s  064.35 iters/s

running (02m02.9s), 017/050 VUs, 2495 complete and 0 interrupted iterations
rampup   [  15% ] 017/050 VUs  02m02.9s/14m0s  065.31 iters/s

running (02m03.9s), 018/050 VUs, 2560 complete and 0 interrupted iterations
rampup   [  15% ] 018/050 VUs  02m03.9s/14m0s  066.27 iters/s

running (02m04.9s), 048/054 VUs, 2593 complete and 0 interrupted iterations
rampup   [  15% ] 048/054 VUs  02m04.9s/14m0s  067.23 iters/s

running (02m05.9s), 040/054 VUs, 2669 complete and 0 interrupted iterations
rampup   [  15% ] 040/054 VUs  02m05.9s/14m0s  068.20 iters/s

running (02m06.9s), 036/062 VUs, 2733 complete and 0 interrupted iterations
rampup   [  15% ] 036/062 VUs  02m06.9s/14m0s  069.15 iters/s

running (02m07.9s), 060/067 VUs, 2774 complete and 0 interrupted iterations
rampup   [  15% ] 060/067 VUs  02m07.9s/14m0s  070.11 iters/s

running (02m08.9s), 041/089 VUs, 2841 complete and 0 interrupted iterations
rampup   [  15% ] 041/089 VUs  02m08.9s/14m0s  071.06 iters/s

running (02m09.9s), 075/089 VUs, 2879 complete and 0 interrupted iterations
rampup   [  15% ] 075/089 VUs  02m09.9s/14m0s  072.02 iters/s

running (02m10.9s), 087/091 VUs, 2938 complete and 0 interrupted iterations
rampup   [  16% ] 087/091 VUs  02m10.9s/14m0s  072.99 iters/s

running (02m11.9s), 082/091 VUs, 3016 complete and 0 interrupted iterations
rampup   [  16% ] 082/091 VUs  02m11.9s/14m0s  073.94 iters/s

running (02m12.9s), 063/099 VUs, 3101 complete and 0 interrupted iterations
rampup   [  16% ] 063/099 VUs  02m12.9s/14m0s  074.89 iters/s

running (02m13.9s), 077/099 VUs, 3163 complete and 0 interrupted iterations
rampup   [  16% ] 077/099 VUs  02m13.9s/14m0s  075.86 iters/s

running (02m14.9s), 085/101 VUs, 3229 complete and 0 interrupted iterations
rampup   [  16% ] 085/101 VUs  02m14.9s/14m0s  076.81 iters/s

running (02m15.9s), 090/109 VUs, 3293 complete and 0 interrupted iterations
rampup   [  16% ] 090/109 VUs  02m15.9s/14m0s  077.77 iters/s

running (02m16.9s), 098/115 VUs, 3358 complete and 0 interrupted iterations
rampup   [  16% ] 098/115 VUs  02m16.9s/14m0s  078.74 iters/s

running (02m17.9s), 143/144 VUs, 3363 complete and 0 interrupted iterations
rampup   [  16% ] 143/144 VUs  02m17.9s/14m0s  079.69 iters/s

running (02m18.9s), 145/150 VUs, 3435 complete and 0 interrupted iterations
rampup   [  17% ] 145/150 VUs  02m18.9s/14m0s  080.65 iters/s

running (02m19.9s), 181/182 VUs, 3448 complete and 0 interrupted iterations
rampup   [  17% ] 181/182 VUs  02m19.9s/14m0s  081.61 iters/s

running (02m20.9s), 147/182 VUs, 3564 complete and 0 interrupted iterations
rampup   [  17% ] 147/182 VUs  02m20.9s/14m0s  082.56 iters/s

running (02m21.9s), 153/182 VUs, 3641 complete and 0 interrupted iterations
rampup   [  17% ] 153/182 VUs  02m21.9s/14m0s  083.52 iters/s

running (02m22.9s), 121/182 VUs, 3757 complete and 0 interrupted iterations
rampup   [  17% ] 121/182 VUs  02m22.9s/14m0s  084.48 iters/s

running (02m23.9s), 097/182 VUs, 3866 complete and 0 interrupted iterations
rampup   [  17% ] 097/182 VUs  02m23.9s/14m0s  085.44 iters/s

running (02m24.9s), 026/182 VUs, 4023 complete and 0 interrupted iterations
rampup   [  17% ] 026/182 VUs  02m24.9s/14m0s  086.40 iters/s

running (02m25.9s), 015/182 VUs, 4121 complete and 0 interrupted iterations
rampup   [  17% ] 015/182 VUs  02m25.9s/14m0s  087.36 iters/s

running (02m26.9s), 014/182 VUs, 4210 complete and 0 interrupted iterations
rampup   [  17% ] 014/182 VUs  02m26.9s/14m0s  088.32 iters/s

running (02m27.9s), 023/182 VUs, 4290 complete and 0 interrupted iterations
rampup   [  18% ] 023/182 VUs  02m27.9s/14m0s  089.28 iters/s

running (02m28.9s), 023/182 VUs, 4379 complete and 0 interrupted iterations
rampup   [  18% ] 023/182 VUs  02m28.9s/14m0s  090.23 iters/s

running (02m29.9s), 008/182 VUs, 4485 complete and 0 interrupted iterations
rampup   [  18% ] 008/182 VUs  02m29.9s/14m0s  091.19 iters/s

running (02m30.9s), 030/182 VUs, 4555 complete and 0 interrupted iterations
rampup   [  18% ] 030/182 VUs  02m30.9s/14m0s  092.15 iters/s

running (02m31.9s), 048/182 VUs, 4630 complete and 0 interrupted iterations
rampup   [  18% ] 048/182 VUs  02m31.9s/14m0s  093.11 iters/s

running (02m32.9s), 030/182 VUs, 4741 complete and 0 interrupted iterations
rampup   [  18% ] 030/182 VUs  02m32.9s/14m0s  094.07 iters/s

running (02m33.9s), 021/182 VUs, 4844 complete and 0 interrupted iterations
rampup   [  18% ] 021/182 VUs  02m33.9s/14m0s  095.02 iters/s

running (02m34.9s), 029/182 VUs, 4932 complete and 0 interrupted iterations
rampup   [  18% ] 029/182 VUs  02m34.9s/14m0s  095.98 iters/s

running (02m35.9s), 006/182 VUs, 5051 complete and 0 interrupted iterations
rampup   [  19% ] 006/182 VUs  02m35.9s/14m0s  096.94 iters/s

running (02m36.9s), 048/182 VUs, 5107 complete and 0 interrupted iterations
rampup   [  19% ] 048/182 VUs  02m36.9s/14m0s  097.90 iters/s

running (02m37.9s), 048/182 VUs, 5205 complete and 0 interrupted iterations
rampup   [  19% ] 048/182 VUs  02m37.9s/14m0s  098.85 iters/s

running (02m38.9s), 047/182 VUs, 5306 complete and 0 interrupted iterations
rampup   [  19% ] 047/182 VUs  02m38.9s/14m0s  099.82 iters/s

running (02m39.9s), 060/182 VUs, 5393 complete and 0 interrupted iterations
rampup   [  19% ] 060/182 VUs  02m39.9s/14m0s  100.77 iters/s

running (02m40.9s), 046/182 VUs, 5508 complete and 0 interrupted iterations
rampup   [  19% ] 046/182 VUs  02m40.9s/14m0s  101.73 iters/s

running (02m41.9s), 032/182 VUs, 5624 complete and 0 interrupted iterations
rampup   [  19% ] 032/182 VUs  02m41.9s/14m0s  102.69 iters/s

running (02m42.9s), 033/182 VUs, 5727 complete and 0 interrupted iterations
rampup   [  19% ] 033/182 VUs  02m42.9s/14m0s  103.65 iters/s

running (02m43.9s), 048/182 VUs, 5816 complete and 0 interrupted iterations
rampup   [  20% ] 048/182 VUs  02m43.9s/14m0s  104.61 iters/s

running (02m44.9s), 018/182 VUs, 5951 complete and 0 interrupted iterations
rampup   [  20% ] 018/182 VUs  02m44.9s/14m0s  105.57 iters/s

running (02m45.9s), 068/182 VUs, 6007 complete and 0 interrupted iterations
rampup   [  20% ] 068/182 VUs  02m45.9s/14m0s  106.53 iters/s

running (02m46.9s), 065/182 VUs, 6117 complete and 0 interrupted iterations
rampup   [  20% ] 065/182 VUs  02m46.9s/14m0s  107.48 iters/s

running (02m47.9s), 069/182 VUs, 6221 complete and 0 interrupted iterations
rampup   [  20% ] 069/182 VUs  02m47.9s/14m0s  108.44 iters/s

running (02m48.9s), 049/182 VUs, 6350 complete and 0 interrupted iterations
rampup   [  20% ] 049/182 VUs  02m48.9s/14m0s  109.40 iters/s

running (02m49.9s), 087/182 VUs, 6422 complete and 0 interrupted iterations
rampup   [  20% ] 087/182 VUs  02m49.9s/14m0s  110.36 iters/s

running (02m50.9s), 075/182 VUs, 6544 complete and 0 interrupted iterations
rampup   [  20% ] 075/182 VUs  02m50.9s/14m0s  111.31 iters/s

running (02m51.9s), 104/182 VUs, 6627 complete and 0 interrupted iterations
rampup   [  20% ] 104/182 VUs  02m51.9s/14m0s  112.27 iters/s

running (02m52.9s), 114/182 VUs, 6730 complete and 0 interrupted iterations
rampup   [  21% ] 114/182 VUs  02m52.9s/14m0s  113.23 iters/s

running (02m53.9s), 078/182 VUs, 6880 complete and 0 interrupted iterations
rampup   [  21% ] 078/182 VUs  02m53.9s/14m0s  114.19 iters/s

running (02m54.9s), 094/182 VUs, 6978 complete and 0 interrupted iterations
rampup   [  21% ] 094/182 VUs  02m54.9s/14m0s  115.15 iters/s

running (02m55.9s), 105/182 VUs, 7083 complete and 0 interrupted iterations
rampup   [  21% ] 105/182 VUs  02m55.9s/14m0s  116.11 iters/s

running (02m56.9s), 097/182 VUs, 7208 complete and 0 interrupted iterations
rampup   [  21% ] 097/182 VUs  02m56.9s/14m0s  117.07 iters/s

running (02m57.9s), 134/182 VUs, 7288 complete and 0 interrupted iterations
rampup   [  21% ] 134/182 VUs  02m57.9s/14m0s  118.02 iters/s

running (02m58.9s), 127/182 VUs, 7414 complete and 0 interrupted iterations
rampup   [  21% ] 127/182 VUs  02m58.9s/14m0s  118.99 iters/s

running (02m59.9s), 174/189 VUs, 7479 complete and 0 interrupted iterations
rampup   [  21% ] 174/189 VUs  02m59.9s/14m0s  119.94 iters/s

running (03m00.9s), 185/189 VUs, 7588 complete and 0 interrupted iterations
rampup   [  22% ] 185/189 VUs  03m00.9s/14m0s  120.00 iters/s

running (03m01.9s), 139/196 VUs, 7747 complete and 0 interrupted iterations
rampup   [  22% ] 139/196 VUs  03m01.9s/14m0s  120.00 iters/s

running (03m02.9s), 168/200 VUs, 7834 complete and 0 interrupted iterations
rampup   [  22% ] 168/200 VUs  03m02.9s/14m0s  120.00 iters/s

running (03m03.9s), 208/213 VUs, 7901 complete and 0 interrupted iterations
rampup   [  22% ] 208/213 VUs  03m03.9s/14m0s  120.00 iters/s

running (03m04.9s), 178/213 VUs, 8051 complete and 0 interrupted iterations
rampup   [  22% ] 178/213 VUs  03m04.9s/14m0s  120.00 iters/s

running (03m05.9s), 221/222 VUs, 8119 complete and 0 interrupted iterations
rampup   [  22% ] 221/222 VUs  03m05.9s/14m0s  120.00 iters/s

running (03m06.9s), 201/228 VUs, 8253 complete and 0 interrupted iterations
rampup   [  22% ] 201/228 VUs  03m06.9s/14m0s  120.00 iters/s

running (03m07.9s), 214/228 VUs, 8360 complete and 0 interrupted iterations
rampup   [  22% ] 214/228 VUs  03m07.9s/14m0s  120.00 iters/s

running (03m08.9s), 229/240 VUs, 8453 complete and 0 interrupted iterations
rampup   [  22% ] 229/240 VUs  03m08.9s/14m0s  120.00 iters/s

running (03m09.9s), 230/248 VUs, 8564 complete and 0 interrupted iterations
rampup   [  23% ] 230/248 VUs  03m09.9s/14m0s  120.00 iters/s

running (03m10.9s), 250/255 VUs, 8657 complete and 0 interrupted iterations
rampup   [  23% ] 250/255 VUs  03m10.9s/14m0s  120.00 iters/s

running (03m11.9s), 258/259 VUs, 8765 complete and 0 interrupted iterations
rampup   [  23% ] 258/259 VUs  03m11.9s/14m0s  120.00 iters/s

running (03m12.9s), 245/270 VUs, 8887 complete and 0 interrupted iterations
rampup   [  23% ] 245/270 VUs  03m12.9s/14m0s  120.00 iters/s

running (03m13.9s), 260/270 VUs, 8992 complete and 0 interrupted iterations
rampup   [  23% ] 260/270 VUs  03m13.9s/14m0s  120.00 iters/s

running (03m14.9s), 265/293 VUs, 9082 complete and 0 interrupted iterations
rampup   [  23% ] 265/293 VUs  03m14.9s/14m0s  120.00 iters/s

running (03m15.9s), 274/296 VUs, 9190 complete and 0 interrupted iterations
rampup   [  23% ] 274/296 VUs  03m15.9s/14m0s  120.00 iters/s

running (03m16.9s), 272/296 VUs, 9312 complete and 0 interrupted iterations
rampup   [  23% ] 272/296 VUs  03m16.9s/14m0s  120.00 iters/s

running (03m17.9s), 311/313 VUs, 9375 complete and 0 interrupted iterations
rampup   [  24% ] 311/313 VUs  03m17.9s/14m0s  120.00 iters/s

running (03m18.9s), 332/338 VUs, 9449 complete and 0 interrupted iterations
rampup   [  24% ] 332/338 VUs  03m18.9s/14m0s  120.00 iters/s

running (03m19.9s), 340/359 VUs, 9540 complete and 0 interrupted iterations
rampup   [  24% ] 340/359 VUs  03m19.9s/14m0s  120.00 iters/s

running (03m20.9s), 355/373 VUs, 9630 complete and 0 interrupted iterations
rampup   [  24% ] 355/373 VUs  03m20.9s/14m0s  120.00 iters/s

running (03m21.9s), 392/393 VUs, 9693 complete and 0 interrupted iterations
rampup   [  24% ] 392/393 VUs  03m21.9s/14m0s  120.00 iters/s
time="2026-09-27T17:33:36+05:00" level=warning msg="Insufficient VUs, reached 400 active VUs and cannot initialize more" executor=ramping-arrival-rate scenario=rampup

running (03m22.9s), 373/400 VUs, 9799 complete and 0 interrupted iterations
rampup   [  24% ] 373/400 VUs  03m22.9s/14m0s  120.00 iters/s

running (03m23.9s), 396/400 VUs, 9896 complete and 0 interrupted iterations
rampup   [  24% ] 396/400 VUs  03m23.9s/14m0s  120.00 iters/s

running (03m24.9s), 326/400 VUs, 10086 complete and 0 interrupted iterations
rampup   [  24% ] 326/400 VUs  03m24.9s/14m0s  120.00 iters/s

running (03m25.9s), 376/400 VUs, 10156 complete and 0 interrupted iterations
rampup   [  25% ] 376/400 VUs  03m25.9s/14m0s  120.00 iters/s

running (03m26.9s), 397/400 VUs, 10243 complete and 0 interrupted iterations
rampup   [  25% ] 397/400 VUs  03m26.9s/14m0s  120.00 iters/s

running (03m27.9s), 399/400 VUs, 10354 complete and 0 interrupted iterations
rampup   [  25% ] 399/400 VUs  03m27.9s/14m0s  120.00 iters/s

running (03m28.9s), 389/400 VUs, 10456 complete and 0 interrupted iterations
rampup   [  25% ] 389/400 VUs  03m28.9s/14m0s  120.00 iters/s

running (03m29.9s), 387/400 VUs, 10571 complete and 0 interrupted iterations
rampup   [  25% ] 387/400 VUs  03m29.9s/14m0s  120.00 iters/s

running (03m30.9s), 394/400 VUs, 10678 complete and 0 interrupted iterations
rampup   [  25% ] 394/400 VUs  03m30.9s/14m0s  120.00 iters/s

running (03m31.9s), 395/400 VUs, 10786 complete and 0 interrupted iterations
rampup   [  25% ] 395/400 VUs  03m31.9s/14m0s  120.00 iters/s

running (03m32.9s), 400/400 VUs, 10860 complete and 0 interrupted iterations
rampup   [  25% ] 400/400 VUs  03m32.9s/14m0s  120.00 iters/s

running (03m33.9s), 365/400 VUs, 10989 complete and 0 interrupted iterations
rampup   [  25% ] 365/400 VUs  03m33.9s/14m0s  120.00 iters/s

running (03m34.9s), 400/400 VUs, 11058 complete and 0 interrupted iterations
rampup   [  26% ] 400/400 VUs  03m34.9s/14m0s  120.00 iters/s

running (03m35.9s), 398/400 VUs, 11154 complete and 0 interrupted iterations
rampup   [  26% ] 398/400 VUs  03m35.9s/14m0s  120.00 iters/s

running (03m36.9s), 399/400 VUs, 11247 complete and 0 interrupted iterations
rampup   [  26% ] 399/400 VUs  03m36.9s/14m0s  120.00 iters/s

running (03m37.9s), 379/400 VUs, 11349 complete and 0 interrupted iterations
rampup   [  26% ] 379/400 VUs  03m37.9s/14m0s  120.00 iters/s

running (03m38.9s), 366/400 VUs, 11468 complete and 0 interrupted iterations
rampup   [  26% ] 366/400 VUs  03m38.9s/14m0s  120.00 iters/s

running (03m39.9s), 371/400 VUs, 11565 complete and 0 interrupted iterations
rampup   [  26% ] 371/400 VUs  03m39.9s/14m0s  120.00 iters/s

running (03m40.9s), 397/400 VUs, 11659 complete and 0 interrupted iterations
rampup   [  26% ] 397/400 VUs  03m40.9s/14m0s  120.00 iters/s

running (03m41.9s), 379/400 VUs, 11767 complete and 0 interrupted iterations
rampup   [  26% ] 379/400 VUs  03m41.9s/14m0s  120.00 iters/s

running (03m42.9s), 381/400 VUs, 11885 complete and 0 interrupted iterations
rampup   [  27% ] 381/400 VUs  03m42.9s/14m0s  120.00 iters/s

running (03m43.9s), 391/400 VUs, 11966 complete and 0 interrupted iterations
rampup   [  27% ] 391/400 VUs  03m43.9s/14m0s  120.00 iters/s

running (03m44.9s), 389/400 VUs, 12076 complete and 0 interrupted iterations
rampup   [  27% ] 389/400 VUs  03m44.9s/14m0s  120.00 iters/s

running (03m45.9s), 400/400 VUs, 12160 complete and 0 interrupted iterations
rampup   [  27% ] 400/400 VUs  03m45.9s/14m0s  120.00 iters/s

running (03m46.9s), 388/400 VUs, 12288 complete and 0 interrupted iterations
rampup   [  27% ] 388/400 VUs  03m46.9s/14m0s  120.00 iters/s

running (03m47.9s), 400/400 VUs, 12366 complete and 0 interrupted iterations
rampup   [  27% ] 400/400 VUs  03m47.9s/14m0s  120.00 iters/s

running (03m48.9s), 397/400 VUs, 12470 complete and 0 interrupted iterations
rampup   [  27% ] 397/400 VUs  03m48.9s/14m0s  120.00 iters/s

running (03m49.9s), 392/400 VUs, 12556 complete and 0 interrupted iterations
rampup   [  27% ] 392/400 VUs  03m49.9s/14m0s  120.00 iters/s

running (03m50.9s), 385/400 VUs, 12665 complete and 0 interrupted iterations
rampup   [  27% ] 385/400 VUs  03m50.9s/14m0s  120.00 iters/s

running (03m51.9s), 399/400 VUs, 12753 complete and 0 interrupted iterations
rampup   [  28% ] 399/400 VUs  03m51.9s/14m0s  120.00 iters/s

running (03m52.9s), 396/400 VUs, 12864 complete and 0 interrupted iterations
rampup   [  28% ] 396/400 VUs  03m52.9s/14m0s  120.00 iters/s

running (03m53.9s), 400/400 VUs, 12944 complete and 0 interrupted iterations
rampup   [  28% ] 400/400 VUs  03m53.9s/14m0s  120.00 iters/s

running (03m54.9s), 399/400 VUs, 13045 complete and 0 interrupted iterations
rampup   [  28% ] 399/400 VUs  03m54.9s/14m0s  120.00 iters/s

running (03m55.9s), 391/400 VUs, 13145 complete and 0 interrupted iterations
rampup   [  28% ] 391/400 VUs  03m55.9s/14m0s  120.00 iters/s

running (03m56.9s), 397/400 VUs, 13219 complete and 0 interrupted iterations
rampup   [  28% ] 397/400 VUs  03m56.9s/14m0s  120.00 iters/s

running (03m57.9s), 400/400 VUs, 13308 complete and 0 interrupted iterations
rampup   [  28% ] 400/400 VUs  03m57.9s/14m0s  120.00 iters/s

running (03m58.9s), 396/400 VUs, 13419 complete and 0 interrupted iterations
rampup   [  28% ] 396/400 VUs  03m58.9s/14m0s  120.00 iters/s

running (03m59.9s), 400/400 VUs, 13473 complete and 0 interrupted iterations
rampup   [  29% ] 400/400 VUs  03m59.9s/14m0s  120.00 iters/s

running (04m00.9s), 400/400 VUs, 13579 complete and 0 interrupted iterations
rampup   [  29% ] 400/400 VUs  04m00.9s/14m0s  120.00 iters/s

running (04m01.9s), 339/400 VUs, 13710 complete and 0 interrupted iterations
rampup   [  29% ] 339/400 VUs  04m01.9s/14m0s  120.00 iters/s

running (04m02.9s), 399/400 VUs, 13719 complete and 0 interrupted iterations
rampup   [  29% ] 399/400 VUs  04m02.9s/14m0s  120.00 iters/s

running (04m03.9s), 320/400 VUs, 13918 complete and 0 interrupted iterations
rampup   [  29% ] 320/400 VUs  04m03.9s/14m0s  120.00 iters/s

running (04m04.9s), 400/400 VUs, 13924 complete and 0 interrupted iterations
rampup   [  29% ] 400/400 VUs  04m04.9s/14m0s  120.00 iters/s

running (04m05.9s), 334/400 VUs, 14035 complete and 0 interrupted iterations
rampup   [  29% ] 334/400 VUs  04m05.9s/14m0s  120.00 iters/s

running (04m06.9s), 312/400 VUs, 14177 complete and 0 interrupted iterations
rampup   [  29% ] 312/400 VUs  04m06.9s/14m0s  120.00 iters/s

running (04m07.9s), 377/400 VUs, 14232 complete and 0 interrupted iterations
rampup   [  30% ] 377/400 VUs  04m07.9s/14m0s  120.00 iters/s

running (04m08.9s), 379/400 VUs, 14309 complete and 0 interrupted iterations
rampup   [  30% ] 379/400 VUs  04m08.9s/14m0s  120.00 iters/s

running (04m09.9s), 319/400 VUs, 14489 complete and 0 interrupted iterations
rampup   [  30% ] 319/400 VUs  04m09.9s/14m0s  120.00 iters/s

running (04m10.9s), 365/400 VUs, 14563 complete and 0 interrupted iterations
rampup   [  30% ] 365/400 VUs  04m10.9s/14m0s  120.00 iters/s

running (04m11.9s), 361/400 VUs, 14687 complete and 0 interrupted iterations
rampup   [  30% ] 361/400 VUs  04m11.9s/14m0s  120.00 iters/s

running (04m12.9s), 400/400 VUs, 14764 complete and 0 interrupted iterations
rampup   [  30% ] 400/400 VUs  04m12.9s/14m0s  120.00 iters/s

running (04m13.9s), 383/400 VUs, 14862 complete and 0 interrupted iterations
rampup   [  30% ] 383/400 VUs  04m13.9s/14m0s  120.00 iters/s

running (04m14.9s), 389/400 VUs, 14966 complete and 0 interrupted iterations
rampup   [  30% ] 389/400 VUs  04m14.9s/14m0s  120.00 iters/s

running (04m15.9s), 396/400 VUs, 15078 complete and 0 interrupted iterations
rampup   [  30% ] 396/400 VUs  04m15.9s/14m0s  120.00 iters/s

running (04m16.9s), 368/400 VUs, 15213 complete and 0 interrupted iterations
rampup   [  31% ] 368/400 VUs  04m16.9s/14m0s  120.00 iters/s

running (04m17.9s), 397/400 VUs, 15272 complete and 0 interrupted iterations
rampup   [  31% ] 397/400 VUs  04m17.9s/14m0s  120.00 iters/s

running (04m18.9s), 309/400 VUs, 15468 complete and 0 interrupted iterations
rampup   [  31% ] 309/400 VUs  04m18.9s/14m0s  120.00 iters/s

running (04m19.9s), 374/400 VUs, 15523 complete and 0 interrupted iterations
rampup   [  31% ] 374/400 VUs  04m19.9s/14m0s  120.00 iters/s

running (04m20.9s), 397/400 VUs, 15620 complete and 0 interrupted iterations
rampup   [  31% ] 397/400 VUs  04m20.9s/14m0s  120.00 iters/s

running (04m21.9s), 379/400 VUs, 15732 complete and 0 interrupted iterations
rampup   [  31% ] 379/400 VUs  04m21.9s/14m0s  120.00 iters/s

running (04m22.9s), 400/400 VUs, 15818 complete and 0 interrupted iterations
rampup   [  31% ] 400/400 VUs  04m22.9s/14m0s  120.00 iters/s

running (04m23.9s), 396/400 VUs, 15914 complete and 0 interrupted iterations
rampup   [  31% ] 396/400 VUs  04m23.9s/14m0s  120.00 iters/s

running (04m24.9s), 372/400 VUs, 16047 complete and 0 interrupted iterations
rampup   [  32% ] 372/400 VUs  04m24.9s/14m0s  120.00 iters/s

running (04m25.9s), 400/400 VUs, 16133 complete and 0 interrupted iterations
rampup   [  32% ] 400/400 VUs  04m25.9s/14m0s  120.00 iters/s

running (04m26.9s), 395/400 VUs, 16197 complete and 0 interrupted iterations
rampup   [  32% ] 395/400 VUs  04m26.9s/14m0s  120.00 iters/s

running (04m27.9s), 397/400 VUs, 16292 complete and 0 interrupted iterations
rampup   [  32% ] 397/400 VUs  04m27.9s/14m0s  120.00 iters/s

running (04m28.9s), 380/400 VUs, 16395 complete and 0 interrupted iterations
rampup   [  32% ] 380/400 VUs  04m28.9s/14m0s  120.00 iters/s

running (04m29.9s), 370/400 VUs, 16525 complete and 0 interrupted iterations
rampup   [  32% ] 370/400 VUs  04m29.9s/14m0s  120.00 iters/s

running (04m30.9s), 400/400 VUs, 16548 complete and 0 interrupted iterations
rampup   [  32% ] 400/400 VUs  04m30.9s/14m0s  120.00 iters/s

running (04m31.9s), 399/400 VUs, 16612 complete and 0 interrupted iterations
rampup   [  32% ] 399/400 VUs  04m31.9s/14m0s  120.00 iters/s

running (04m32.9s), 368/400 VUs, 16754 complete and 0 interrupted iterations
rampup   [  32% ] 368/400 VUs  04m32.9s/14m0s  120.00 iters/s

running (04m33.9s), 367/400 VUs, 16871 complete and 0 interrupted iterations
rampup   [  33% ] 367/400 VUs  04m33.9s/14m0s  120.00 iters/s

running (04m34.9s), 400/400 VUs, 16895 complete and 0 interrupted iterations
rampup   [  33% ] 400/400 VUs  04m34.9s/14m0s  120.00 iters/s

running (04m35.9s), 384/400 VUs, 16977 complete and 0 interrupted iterations
rampup   [  33% ] 384/400 VUs  04m35.9s/14m0s  120.00 iters/s

running (04m36.9s), 388/400 VUs, 17093 complete and 0 interrupted iterations
rampup   [  33% ] 388/400 VUs  04m36.9s/14m0s  120.00 iters/s

running (04m37.9s), 396/400 VUs, 17131 complete and 0 interrupted iterations
rampup   [  33% ] 396/400 VUs  04m37.9s/14m0s  120.00 iters/s

running (04m38.9s), 395/400 VUs, 17176 complete and 0 interrupted iterations
rampup   [  33% ] 395/400 VUs  04m38.9s/14m0s  120.00 iters/s

running (04m39.9s), 397/400 VUs, 17275 complete and 0 interrupted iterations
rampup   [  33% ] 397/400 VUs  04m39.9s/14m0s  120.00 iters/s

running (04m40.9s), 340/400 VUs, 17450 complete and 0 interrupted iterations
rampup   [  33% ] 340/400 VUs  04m40.9s/14m0s  120.00 iters/s

running (04m41.9s), 400/400 VUs, 17463 complete and 0 interrupted iterations
rampup   [  34% ] 400/400 VUs  04m41.9s/14m0s  120.00 iters/s

running (04m42.9s), 400/400 VUs, 17484 complete and 0 interrupted iterations
rampup   [  34% ] 400/400 VUs  04m42.9s/14m0s  120.00 iters/s

running (04m43.9s), 379/400 VUs, 17602 complete and 0 interrupted iterations
rampup   [  34% ] 379/400 VUs  04m43.9s/14m0s  120.00 iters/s

running (04m44.9s), 340/400 VUs, 17761 complete and 0 interrupted iterations
rampup   [  34% ] 340/400 VUs  04m44.9s/14m0s  120.00 iters/s

running (04m45.9s), 400/400 VUs, 17808 complete and 0 interrupted iterations
rampup   [  34% ] 400/400 VUs  04m45.9s/14m0s  120.00 iters/s

running (04m46.9s), 388/400 VUs, 17917 complete and 0 interrupted iterations
rampup   [  34% ] 388/400 VUs  04m46.9s/14m0s  120.00 iters/s

running (04m47.9s), 395/400 VUs, 18008 complete and 0 interrupted iterations
rampup   [  34% ] 395/400 VUs  04m47.9s/14m0s  120.00 iters/s

running (04m48.9s), 397/400 VUs, 18072 complete and 0 interrupted iterations
rampup   [  34% ] 397/400 VUs  04m48.9s/14m0s  120.00 iters/s

running (04m49.9s), 332/400 VUs, 18222 complete and 0 interrupted iterations
rampup   [  35% ] 332/400 VUs  04m49.9s/14m0s  120.00 iters/s

running (04m50.9s), 392/400 VUs, 18282 complete and 0 interrupted iterations
rampup   [  35% ] 392/400 VUs  04m50.9s/14m0s  120.00 iters/s

running (04m51.9s), 366/400 VUs, 18392 complete and 0 interrupted iterations
rampup   [  35% ] 366/400 VUs  04m51.9s/14m0s  120.00 iters/s

running (04m52.9s), 398/400 VUs, 18442 complete and 0 interrupted iterations
rampup   [  35% ] 398/400 VUs  04m52.9s/14m0s  120.00 iters/s

running (04m53.9s), 375/400 VUs, 18539 complete and 0 interrupted iterations
rampup   [  35% ] 375/400 VUs  04m53.9s/14m0s  120.00 iters/s

running (04m54.9s), 399/400 VUs, 18614 complete and 0 interrupted iterations
rampup   [  35% ] 399/400 VUs  04m54.9s/14m0s  120.00 iters/s

running (04m55.9s), 313/400 VUs, 18813 complete and 0 interrupted iterations
rampup   [  35% ] 313/400 VUs  04m55.9s/14m0s  120.00 iters/s

running (04m56.9s), 374/400 VUs, 18872 complete and 0 interrupted iterations
rampup   [  35% ] 374/400 VUs  04m56.9s/14m0s  120.00 iters/s

running (04m57.9s), 370/400 VUs, 18939 complete and 0 interrupted iterations
rampup   [  35% ] 370/400 VUs  04m57.9s/14m0s  120.00 iters/s

running (04m58.9s), 327/400 VUs, 19102 complete and 0 interrupted iterations
rampup   [  36% ] 327/400 VUs  04m58.9s/14m0s  120.00 iters/s

running (04m59.9s), 392/400 VUs, 19157 complete and 0 interrupted iterations
rampup   [  36% ] 392/400 VUs  04m59.9s/14m0s  120.00 iters/s

running (05m00.9s), 338/400 VUs, 19257 complete and 0 interrupted iterations
rampup   [  36% ] 338/400 VUs  05m00.9s/14m0s  120.00 iters/s

running (05m01.9s), 343/400 VUs, 19372 complete and 0 interrupted iterations
rampup   [  36% ] 343/400 VUs  05m01.9s/14m0s  120.00 iters/s

running (05m02.9s), 374/400 VUs, 19457 complete and 0 interrupted iterations
rampup   [  36% ] 374/400 VUs  05m02.9s/14m0s  120.00 iters/s

running (05m03.9s), 392/400 VUs, 19547 complete and 0 interrupted iterations
rampup   [  36% ] 392/400 VUs  05m03.9s/14m0s  120.00 iters/s

running (05m04.9s), 400/400 VUs, 19618 complete and 0 interrupted iterations
rampup   [  36% ] 400/400 VUs  05m04.9s/14m0s  120.00 iters/s

running (05m05.9s), 380/400 VUs, 19661 complete and 0 interrupted iterations
rampup   [  36% ] 380/400 VUs  05m05.9s/14m0s  120.00 iters/s

running (05m06.9s), 266/400 VUs, 19895 complete and 0 interrupted iterations
rampup   [  37% ] 266/400 VUs  05m06.9s/14m0s  120.00 iters/s

running (05m07.9s), 312/400 VUs, 19969 complete and 0 interrupted iterations
rampup   [  37% ] 312/400 VUs  05m07.9s/14m0s  120.00 iters/s

running (05m08.9s), 300/400 VUs, 20101 complete and 0 interrupted iterations
rampup   [  37% ] 300/400 VUs  05m08.9s/14m0s  120.00 iters/s

running (05m09.9s), 330/400 VUs, 20191 complete and 0 interrupted iterations
rampup   [  37% ] 330/400 VUs  05m09.9s/14m0s  120.00 iters/s

running (05m10.9s), 362/400 VUs, 20279 complete and 0 interrupted iterations
rampup   [  37% ] 362/400 VUs  05m10.9s/14m0s  120.00 iters/s

running (05m11.9s), 393/400 VUs, 20322 complete and 0 interrupted iterations
rampup   [  37% ] 393/400 VUs  05m11.9s/14m0s  120.00 iters/s

running (05m12.9s), 297/400 VUs, 20538 complete and 0 interrupted iterations
rampup   [  37% ] 297/400 VUs  05m12.9s/14m0s  120.00 iters/s

running (05m13.9s), 337/400 VUs, 20618 complete and 0 interrupted iterations
rampup   [  37% ] 337/400 VUs  05m13.9s/14m0s  120.00 iters/s

running (05m14.9s), 354/400 VUs, 20721 complete and 0 interrupted iterations
rampup   [  37% ] 354/400 VUs  05m14.9s/14m0s  120.00 iters/s

running (05m15.9s), 367/400 VUs, 20828 complete and 0 interrupted iterations
rampup   [  38% ] 367/400 VUs  05m15.9s/14m0s  120.00 iters/s

running (05m16.9s), 400/400 VUs, 20889 complete and 0 interrupted iterations
rampup   [  38% ] 400/400 VUs  05m16.9s/14m0s  120.00 iters/s

running (05m17.9s), 367/400 VUs, 21013 complete and 0 interrupted iterations
rampup   [  38% ] 367/400 VUs  05m17.9s/14m0s  120.00 iters/s

running (05m18.9s), 373/400 VUs, 21127 complete and 0 interrupted iterations
rampup   [  38% ] 373/400 VUs  05m18.9s/14m0s  120.00 iters/s

running (05m19.9s), 367/400 VUs, 21253 complete and 0 interrupted iterations
rampup   [  38% ] 367/400 VUs  05m19.9s/14m0s  120.00 iters/s

running (05m20.9s), 368/400 VUs, 21372 complete and 0 interrupted iterations
rampup   [  38% ] 368/400 VUs  05m20.9s/14m0s  120.00 iters/s

running (05m21.9s), 396/400 VUs, 21452 complete and 0 interrupted iterations
rampup   [  38% ] 396/400 VUs  05m21.9s/14m0s  120.00 iters/s

running (05m22.9s), 387/400 VUs, 21576 complete and 0 interrupted iterations
rampup   [  38% ] 387/400 VUs  05m22.9s/14m0s  120.00 iters/s

running (05m23.9s), 392/400 VUs, 21638 complete and 0 interrupted iterations
rampup   [  39% ] 392/400 VUs  05m23.9s/14m0s  120.00 iters/s

running (05m24.9s), 342/400 VUs, 21802 complete and 0 interrupted iterations
rampup   [  39% ] 342/400 VUs  05m24.9s/14m0s  120.00 iters/s

running (05m25.9s), 321/400 VUs, 21943 complete and 0 interrupted iterations
rampup   [  39% ] 321/400 VUs  05m25.9s/14m0s  120.00 iters/s

running (05m26.9s), 372/400 VUs, 22012 complete and 0 interrupted iterations
rampup   [  39% ] 372/400 VUs  05m26.9s/14m0s  120.00 iters/s

running (05m27.9s), 399/400 VUs, 22085 complete and 0 interrupted iterations
rampup   [  39% ] 399/400 VUs  05m27.9s/14m0s  120.00 iters/s

running (05m28.9s), 394/400 VUs, 22174 complete and 0 interrupted iterations
rampup   [  39% ] 394/400 VUs  05m28.9s/14m0s  120.00 iters/s

running (05m29.9s), 359/400 VUs, 22325 complete and 0 interrupted iterations
rampup   [  39% ] 359/400 VUs  05m29.9s/14m0s  120.00 iters/s

running (05m30.9s), 400/400 VUs, 22384 complete and 0 interrupted iterations
rampup   [  39% ] 400/400 VUs  05m30.9s/14m0s  120.00 iters/s

running (05m31.9s), 396/400 VUs, 22493 complete and 0 interrupted iterations
rampup   [  40% ] 396/400 VUs  05m31.9s/14m0s  120.00 iters/s

running (05m32.9s), 321/400 VUs, 22681 complete and 0 interrupted iterations
rampup   [  40% ] 321/400 VUs  05m32.9s/14m0s  120.00 iters/s

running (05m33.9s), 348/400 VUs, 22774 complete and 0 interrupted iterations
rampup   [  40% ] 348/400 VUs  05m33.9s/14m0s  120.00 iters/s

running (05m34.9s), 382/400 VUs, 22845 complete and 0 interrupted iterations
rampup   [  40% ] 382/400 VUs  05m34.9s/14m0s  120.00 iters/s

running (05m35.9s), 394/400 VUs, 22934 complete and 0 interrupted iterations
rampup   [  40% ] 394/400 VUs  05m35.9s/14m0s  120.00 iters/s

running (05m36.9s), 341/400 VUs, 23100 complete and 0 interrupted iterations
rampup   [  40% ] 341/400 VUs  05m36.9s/14m0s  120.00 iters/s

running (05m37.9s), 393/400 VUs, 23152 complete and 0 interrupted iterations
rampup   [  40% ] 393/400 VUs  05m37.9s/14m0s  120.00 iters/s

running (05m38.9s), 370/400 VUs, 23295 complete and 0 interrupted iterations
rampup   [  40% ] 370/400 VUs  05m38.9s/14m0s  120.00 iters/s

running (05m39.9s), 392/400 VUs, 23393 complete and 0 interrupted iterations
rampup   [  40% ] 392/400 VUs  05m39.9s/14m0s  120.00 iters/s

running (05m40.9s), 394/400 VUs, 23466 complete and 0 interrupted iterations
rampup   [  41% ] 394/400 VUs  05m40.9s/14m0s  120.00 iters/s

running (05m41.9s), 268/400 VUs, 23698 complete and 0 interrupted iterations
rampup   [  41% ] 268/400 VUs  05m41.9s/14m0s  120.00 iters/s

running (05m42.9s), 242/400 VUs, 23844 complete and 0 interrupted iterations
rampup   [  41% ] 242/400 VUs  05m42.9s/14m0s  120.00 iters/s

running (05m43.9s), 284/400 VUs, 23922 complete and 0 interrupted iterations
rampup   [  41% ] 284/400 VUs  05m43.9s/14m0s  120.00 iters/s

running (05m44.9s), 366/400 VUs, 23960 complete and 0 interrupted iterations
rampup   [  41% ] 366/400 VUs  05m44.9s/14m0s  120.00 iters/s

running (05m45.9s), 384/400 VUs, 24040 complete and 0 interrupted iterations
rampup   [  41% ] 384/400 VUs  05m45.9s/14m0s  120.00 iters/s

running (05m46.9s), 380/400 VUs, 24163 complete and 0 interrupted iterations
rampup   [  41% ] 380/400 VUs  05m46.9s/14m0s  120.00 iters/s

running (05m47.9s), 340/400 VUs, 24323 complete and 0 interrupted iterations
rampup   [  41% ] 340/400 VUs  05m47.9s/14m0s  120.00 iters/s

running (05m48.9s), 367/400 VUs, 24416 complete and 0 interrupted iterations
rampup   [  42% ] 367/400 VUs  05m48.9s/14m0s  120.00 iters/s

running (05m49.9s), 385/400 VUs, 24518 complete and 0 interrupted iterations
rampup   [  42% ] 385/400 VUs  05m49.9s/14m0s  120.00 iters/s

running (05m50.9s), 400/400 VUs, 24573 complete and 0 interrupted iterations
rampup   [  42% ] 400/400 VUs  05m50.9s/14m0s  120.00 iters/s

running (05m51.9s), 297/400 VUs, 24762 complete and 0 interrupted iterations
rampup   [  42% ] 297/400 VUs  05m51.9s/14m0s  120.00 iters/s

running (05m52.9s), 288/400 VUs, 24891 complete and 0 interrupted iterations
rampup   [  42% ] 288/400 VUs  05m52.9s/14m0s  120.00 iters/s

running (05m53.9s), 298/400 VUs, 25001 complete and 0 interrupted iterations
rampup   [  42% ] 298/400 VUs  05m53.9s/14m0s  120.00 iters/s

running (05m54.9s), 358/400 VUs, 25061 complete and 0 interrupted iterations
rampup   [  42% ] 358/400 VUs  05m54.9s/14m0s  120.00 iters/s

running (05m55.9s), 400/400 VUs, 25085 complete and 0 interrupted iterations
rampup   [  42% ] 400/400 VUs  05m55.9s/14m0s  120.00 iters/s

running (05m56.9s), 400/400 VUs, 25144 complete and 0 interrupted iterations
rampup   [  42% ] 400/400 VUs  05m56.9s/14m0s  120.00 iters/s

running (05m57.9s), 281/400 VUs, 25382 complete and 0 interrupted iterations
rampup   [  43% ] 281/400 VUs  05m57.9s/14m0s  120.00 iters/s

running (05m58.9s), 257/400 VUs, 25526 complete and 0 interrupted iterations
rampup   [  43% ] 257/400 VUs  05m58.9s/14m0s  120.00 iters/s

running (05m59.9s), 334/400 VUs, 25569 complete and 0 interrupted iterations
rampup   [  43% ] 334/400 VUs  05m59.9s/14m0s  120.00 iters/s

running (06m00.9s), 400/400 VUs, 25570 complete and 0 interrupted iterations
rampup   [  43% ] 400/400 VUs  06m00.9s/14m0s  120.00 iters/s

running (06m01.9s), 308/400 VUs, 25721 complete and 0 interrupted iterations
rampup   [  43% ] 308/400 VUs  06m01.9s/14m0s  120.00 iters/s

running (06m02.9s), 223/400 VUs, 25926 complete and 0 interrupted iterations
rampup   [  43% ] 223/400 VUs  06m02.9s/14m0s  120.00 iters/s

running (06m03.9s), 293/400 VUs, 25976 complete and 0 interrupted iterations
rampup   [  43% ] 293/400 VUs  06m03.9s/14m0s  120.00 iters/s

running (06m04.9s), 315/400 VUs, 26074 complete and 0 interrupted iterations
rampup   [  43% ] 315/400 VUs  06m04.9s/14m0s  120.00 iters/s

running (06m05.9s), 324/400 VUs, 26185 complete and 0 interrupted iterations
rampup   [  44% ] 324/400 VUs  06m05.9s/14m0s  120.00 iters/s

running (06m06.9s), 299/400 VUs, 26330 complete and 0 interrupted iterations
rampup   [  44% ] 299/400 VUs  06m06.9s/14m0s  120.00 iters/s

running (06m07.9s), 343/400 VUs, 26406 complete and 0 interrupted iterations
rampup   [  44% ] 343/400 VUs  06m07.9s/14m0s  120.00 iters/s

running (06m08.9s), 400/400 VUs, 26433 complete and 0 interrupted iterations
rampup   [  44% ] 400/400 VUs  06m08.9s/14m0s  120.00 iters/s

running (06m09.9s), 364/400 VUs, 26559 complete and 0 interrupted iterations
rampup   [  44% ] 364/400 VUs  06m09.9s/14m0s  120.00 iters/s

running (06m10.9s), 299/400 VUs, 26744 complete and 0 interrupted iterations
rampup   [  44% ] 299/400 VUs  06m10.9s/14m0s  120.00 iters/s

running (06m11.9s), 320/400 VUs, 26843 complete and 0 interrupted iterations
rampup   [  44% ] 320/400 VUs  06m11.9s/14m0s  120.00 iters/s

running (06m12.9s), 343/400 VUs, 26940 complete and 0 interrupted iterations
rampup   [  44% ] 343/400 VUs  06m12.9s/14m0s  120.00 iters/s

running (06m13.9s), 346/400 VUs, 27057 complete and 0 interrupted iterations
rampup   [  45% ] 346/400 VUs  06m13.9s/14m0s  120.00 iters/s

running (06m14.9s), 400/400 VUs, 27072 complete and 0 interrupted iterations
rampup   [  45% ] 400/400 VUs  06m14.9s/14m0s  120.00 iters/s

running (06m15.9s), 354/400 VUs, 27224 complete and 0 interrupted iterations
rampup   [  45% ] 354/400 VUs  06m15.9s/14m0s  120.00 iters/s

running (06m16.9s), 280/400 VUs, 27418 complete and 0 interrupted iterations
rampup   [  45% ] 280/400 VUs  06m16.9s/14m0s  120.00 iters/s

running (06m17.9s), 251/400 VUs, 27567 complete and 0 interrupted iterations
rampup   [  45% ] 251/400 VUs  06m17.9s/14m0s  120.00 iters/s

running (06m18.9s), 300/400 VUs, 27638 complete and 0 interrupted iterations
rampup   [  45% ] 300/400 VUs  06m18.9s/14m0s  120.00 iters/s

running (06m19.9s), 341/400 VUs, 27717 complete and 0 interrupted iterations
rampup   [  45% ] 341/400 VUs  06m19.9s/14m0s  120.00 iters/s

running (06m20.9s), 396/400 VUs, 27778 complete and 0 interrupted iterations
rampup   [  45% ] 396/400 VUs  06m20.9s/14m0s  120.00 iters/s

running (06m21.9s), 367/400 VUs, 27900 complete and 0 interrupted iterations
rampup   [  45% ] 367/400 VUs  06m21.9s/14m0s  120.00 iters/s

running (06m22.9s), 386/400 VUs, 27995 complete and 0 interrupted iterations
rampup   [  46% ] 386/400 VUs  06m22.9s/14m0s  120.00 iters/s

running (06m23.9s), 369/400 VUs, 28132 complete and 0 interrupted iterations
rampup   [  46% ] 369/400 VUs  06m23.9s/14m0s  120.00 iters/s

running (06m24.9s), 350/400 VUs, 28271 complete and 0 interrupted iterations
rampup   [  46% ] 350/400 VUs  06m24.9s/14m0s  120.00 iters/s

running (06m25.9s), 362/400 VUs, 28379 complete and 0 interrupted iterations
rampup   [  46% ] 362/400 VUs  06m25.9s/14m0s  120.00 iters/s

running (06m26.9s), 398/400 VUs, 28428 complete and 0 interrupted iterations
rampup   [  46% ] 398/400 VUs  06m26.9s/14m0s  120.00 iters/s

running (06m27.9s), 295/400 VUs, 28577 complete and 0 interrupted iterations
rampup   [  46% ] 295/400 VUs  06m27.9s/14m0s  120.00 iters/s

running (06m28.9s), 302/400 VUs, 28690 complete and 0 interrupted iterations
rampup   [  46% ] 302/400 VUs  06m28.9s/14m0s  120.00 iters/s

running (06m29.9s), 368/400 VUs, 28744 complete and 0 interrupted iterations
rampup   [  46% ] 368/400 VUs  06m29.9s/14m0s  120.00 iters/s

running (06m30.9s), 388/400 VUs, 28808 complete and 0 interrupted iterations
rampup   [  47% ] 388/400 VUs  06m30.9s/14m0s  120.00 iters/s

running (06m31.9s), 394/400 VUs, 28919 complete and 0 interrupted iterations
rampup   [  47% ] 394/400 VUs  06m31.9s/14m0s  120.00 iters/s

running (06m32.9s), 386/400 VUs, 29031 complete and 0 interrupted iterations
rampup   [  47% ] 386/400 VUs  06m32.9s/14m0s  120.00 iters/s

running (06m33.9s), 397/400 VUs, 29076 complete and 0 interrupted iterations
rampup   [  47% ] 397/400 VUs  06m33.9s/14m0s  120.00 iters/s

running (06m34.9s), 326/400 VUs, 29253 complete and 0 interrupted iterations
rampup   [  47% ] 326/400 VUs  06m34.9s/14m0s  120.00 iters/s

running (06m35.9s), 379/400 VUs, 29320 complete and 0 interrupted iterations
rampup   [  47% ] 379/400 VUs  06m35.9s/14m0s  120.00 iters/s

running (06m36.9s), 400/400 VUs, 29408 complete and 0 interrupted iterations
rampup   [  47% ] 400/400 VUs  06m36.9s/14m0s  120.00 iters/s

running (06m37.9s), 384/400 VUs, 29507 complete and 0 interrupted iterations
rampup   [  47% ] 384/400 VUs  06m37.9s/14m0s  120.00 iters/s

running (06m38.9s), 346/400 VUs, 29662 complete and 0 interrupted iterations
rampup   [  47% ] 346/400 VUs  06m38.9s/14m0s  120.00 iters/s

running (06m39.9s), 354/400 VUs, 29774 complete and 0 interrupted iterations
rampup   [  48% ] 354/400 VUs  06m39.9s/14m0s  120.00 iters/s

running (06m40.9s), 365/400 VUs, 29883 complete and 0 interrupted iterations
rampup   [  48% ] 365/400 VUs  06m40.9s/14m0s  120.00 iters/s

running (06m41.9s), 380/400 VUs, 29988 complete and 0 interrupted iterations
rampup   [  48% ] 380/400 VUs  06m41.9s/14m0s  120.00 iters/s

running (06m42.9s), 397/400 VUs, 30075 complete and 0 interrupted iterations
rampup   [  48% ] 397/400 VUs  06m42.9s/14m0s  120.00 iters/s

running (06m43.9s), 390/400 VUs, 30103 complete and 0 interrupted iterations
rampup   [  48% ] 390/400 VUs  06m43.9s/14m0s  120.00 iters/s

running (06m44.9s), 348/400 VUs, 30265 complete and 0 interrupted iterations
rampup   [  48% ] 348/400 VUs  06m44.9s/14m0s  120.00 iters/s

running (06m45.9s), 289/400 VUs, 30444 complete and 0 interrupted iterations
rampup   [  48% ] 289/400 VUs  06m45.9s/14m0s  120.00 iters/s

running (06m46.9s), 357/400 VUs, 30496 complete and 0 interrupted iterations
rampup   [  48% ] 357/400 VUs  06m46.9s/14m0s  120.00 iters/s

running (06m47.9s), 377/400 VUs, 30596 complete and 0 interrupted iterations
rampup   [  49% ] 377/400 VUs  06m47.9s/14m0s  120.00 iters/s

running (06m48.9s), 367/400 VUs, 30725 complete and 0 interrupted iterations
rampup   [  49% ] 367/400 VUs  06m48.9s/14m0s  120.00 iters/s

running (06m49.9s), 393/400 VUs, 30819 complete and 0 interrupted iterations
rampup   [  49% ] 393/400 VUs  06m49.9s/14m0s  120.00 iters/s

running (06m50.9s), 341/400 VUs, 30960 complete and 0 interrupted iterations
rampup   [  49% ] 341/400 VUs  06m50.9s/14m0s  120.00 iters/s

running (06m51.9s), 377/400 VUs, 31044 complete and 0 interrupted iterations
rampup   [  49% ] 377/400 VUs  06m51.9s/14m0s  120.00 iters/s

running (06m52.9s), 381/400 VUs, 31121 complete and 0 interrupted iterations
rampup   [  49% ] 381/400 VUs  06m52.9s/14m0s  120.00 iters/s

running (06m53.9s), 377/400 VUs, 31230 complete and 0 interrupted iterations
rampup   [  49% ] 377/400 VUs  06m53.9s/14m0s  120.00 iters/s

running (06m54.9s), 302/400 VUs, 31425 complete and 0 interrupted iterations
rampup   [  49% ] 302/400 VUs  06m54.9s/14m0s  120.00 iters/s

running (06m55.9s), 271/400 VUs, 31576 complete and 0 interrupted iterations
rampup   [  50% ] 271/400 VUs  06m55.9s/14m0s  120.00 iters/s

running (06m56.9s), 308/400 VUs, 31659 complete and 0 interrupted iterations
rampup   [  50% ] 308/400 VUs  06m56.9s/14m0s  120.00 iters/s

running (06m57.9s), 334/400 VUs, 31753 complete and 0 interrupted iterations
rampup   [  50% ] 334/400 VUs  06m57.9s/14m0s  120.00 iters/s

running (06m58.9s), 396/400 VUs, 31804 complete and 0 interrupted iterations
rampup   [  50% ] 396/400 VUs  06m58.9s/14m0s  120.00 iters/s

running (06m59.9s), 323/400 VUs, 31966 complete and 0 interrupted iterations
rampup   [  50% ] 323/400 VUs  06m59.9s/14m0s  120.00 iters/s

running (07m00.9s), 350/400 VUs, 32058 complete and 0 interrupted iterations
rampup   [  50% ] 350/400 VUs  07m00.9s/14m0s  118.21 iters/s

running (07m01.9s), 332/400 VUs, 32194 complete and 0 interrupted iterations
rampup   [  50% ] 332/400 VUs  07m01.9s/14m0s  116.28 iters/s

running (07m02.9s), 391/400 VUs, 32243 complete and 0 interrupted iterations
rampup   [  50% ] 391/400 VUs  07m02.9s/14m0s  114.37 iters/s

running (07m03.9s), 382/400 VUs, 32334 complete and 0 interrupted iterations
rampup   [  50% ] 382/400 VUs  07m03.9s/14m0s  112.46 iters/s

running (07m04.9s), 323/400 VUs, 32505 complete and 0 interrupted iterations
rampup   [  51% ] 323/400 VUs  07m04.9s/14m0s  110.53 iters/s

running (07m05.9s), 347/400 VUs, 32590 complete and 0 interrupted iterations
rampup   [  51% ] 347/400 VUs  07m05.9s/14m0s  108.62 iters/s

running (07m06.9s), 368/400 VUs, 32677 complete and 0 interrupted iterations
rampup   [  51% ] 368/400 VUs  07m06.9s/14m0s  106.70 iters/s

running (07m07.9s), 400/400 VUs, 32732 complete and 0 interrupted iterations
rampup   [  51% ] 400/400 VUs  07m07.9s/14m0s  104.78 iters/s

running (07m08.9s), 400/400 VUs, 32799 complete and 0 interrupted iterations
rampup   [  51% ] 400/400 VUs  07m08.9s/14m0s  102.86 iters/s

running (07m09.9s), 369/400 VUs, 32911 complete and 0 interrupted iterations
rampup   [  51% ] 369/400 VUs  07m09.9s/14m0s  100.94 iters/s

running (07m10.9s), 341/400 VUs, 33039 complete and 0 interrupted iterations
rampup   [  51% ] 341/400 VUs  07m10.9s/14m0s  099.04 iters/s

running (07m11.9s), 291/400 VUs, 33188 complete and 0 interrupted iterations
rampup   [  51% ] 291/400 VUs  07m11.9s/14m0s  097.11 iters/s

running (07m12.9s), 214/400 VUs, 33361 complete and 0 interrupted iterations
rampup   [  52% ] 214/400 VUs  07m12.9s/14m0s  095.19 iters/s

running (07m13.9s), 245/400 VUs, 33424 complete and 0 interrupted iterations
rampup   [  52% ] 245/400 VUs  07m13.9s/14m0s  093.28 iters/s

running (07m14.9s), 154/400 VUs, 33607 complete and 0 interrupted iterations
rampup   [  52% ] 154/400 VUs  07m14.9s/14m0s  091.37 iters/s

running (07m15.9s), 172/400 VUs, 33680 complete and 0 interrupted iterations
rampup   [  52% ] 172/400 VUs  07m15.9s/14m0s  089.44 iters/s

running (07m16.9s), 158/400 VUs, 33782 complete and 0 interrupted iterations
rampup   [  52% ] 158/400 VUs  07m16.9s/14m0s  087.54 iters/s

running (07m17.9s), 128/400 VUs, 33899 complete and 0 interrupted iterations
rampup   [  52% ] 128/400 VUs  07m17.9s/14m0s  085.61 iters/s

running (07m18.9s), 151/400 VUs, 33960 complete and 0 interrupted iterations
rampup   [  52% ] 151/400 VUs  07m18.9s/14m0s  083.71 iters/s

running (07m19.9s), 122/400 VUs, 34072 complete and 0 interrupted iterations
rampup   [  52% ] 122/400 VUs  07m19.9s/14m0s  081.79 iters/s

running (07m20.9s), 088/400 VUs, 34187 complete and 0 interrupted iterations
rampup   [  52% ] 088/400 VUs  07m20.9s/14m0s  079.87 iters/s

running (07m21.9s), 136/400 VUs, 34218 complete and 0 interrupted iterations
rampup   [  53% ] 136/400 VUs  07m21.9s/14m0s  077.95 iters/s

running (07m22.9s), 175/400 VUs, 34256 complete and 0 interrupted iterations
rampup   [  53% ] 175/400 VUs  07m22.9s/14m0s  076.03 iters/s

running (07m23.9s), 217/400 VUs, 34289 complete and 0 interrupted iterations
rampup   [  53% ] 217/400 VUs  07m23.9s/14m0s  074.12 iters/s

running (07m24.9s), 248/400 VUs, 34331 complete and 0 interrupted iterations
rampup   [  53% ] 248/400 VUs  07m24.9s/14m0s  072.20 iters/s

running (07m25.9s), 251/400 VUs, 34399 complete and 0 interrupted iterations
rampup   [  53% ] 251/400 VUs  07m25.9s/14m0s  070.29 iters/s

running (07m26.9s), 285/400 VUs, 34435 complete and 0 interrupted iterations
rampup   [  53% ] 285/400 VUs  07m26.9s/14m0s  068.36 iters/s

running (07m27.9s), 155/400 VUs, 34632 complete and 0 interrupted iterations
rampup   [  53% ] 155/400 VUs  07m27.9s/14m0s  066.45 iters/s

running (07m28.9s), 125/400 VUs, 34728 complete and 0 interrupted iterations
rampup   [  53% ] 125/400 VUs  07m28.9s/14m0s  064.52 iters/s

running (07m29.9s), 172/400 VUs, 34744 complete and 0 interrupted iterations
rampup   [  54% ] 172/400 VUs  07m29.9s/14m0s  062.62 iters/s

running (07m30.9s), 200/400 VUs, 34778 complete and 0 interrupted iterations
rampup   [  54% ] 200/400 VUs  07m30.9s/14m0s  060.70 iters/s

running (07m31.9s), 176/400 VUs, 34862 complete and 0 interrupted iterations
rampup   [  54% ] 176/400 VUs  07m31.9s/14m0s  058.77 iters/s

running (07m32.9s), 146/400 VUs, 34949 complete and 0 interrupted iterations
rampup   [  54% ] 146/400 VUs  07m32.9s/14m0s  056.88 iters/s

running (07m33.9s), 033/400 VUs, 35118 complete and 0 interrupted iterations
rampup   [  54% ] 033/400 VUs  07m33.9s/14m0s  054.96 iters/s

running (07m34.9s), 019/400 VUs, 35186 complete and 0 interrupted iterations
rampup   [  54% ] 019/400 VUs  07m34.9s/14m0s  053.04 iters/s

running (07m35.9s), 020/400 VUs, 35237 complete and 0 interrupted iterations
rampup   [  54% ] 020/400 VUs  07m35.9s/14m0s  051.13 iters/s

running (07m36.9s), 008/400 VUs, 35299 complete and 0 interrupted iterations
rampup   [  54% ] 008/400 VUs  07m36.9s/14m0s  049.22 iters/s

running (07m37.9s), 010/400 VUs, 35346 complete and 0 interrupted iterations
rampup   [  55% ] 010/400 VUs  07m37.9s/14m0s  047.27 iters/s

running (07m38.9s), 002/400 VUs, 35400 complete and 0 interrupted iterations
rampup   [  55% ] 002/400 VUs  07m38.9s/14m0s  045.37 iters/s

running (07m39.9s), 004/400 VUs, 35442 complete and 0 interrupted iterations
rampup   [  55% ] 004/400 VUs  07m39.9s/14m0s  043.47 iters/s

running (07m40.9s), 004/400 VUs, 35485 complete and 0 interrupted iterations
rampup   [  55% ] 004/400 VUs  07m40.9s/14m0s  041.53 iters/s

running (07m41.9s), 004/400 VUs, 35526 complete and 0 interrupted iterations
rampup   [  55% ] 004/400 VUs  07m41.9s/14m0s  039.60 iters/s

running (07m42.9s), 005/400 VUs, 35563 complete and 0 interrupted iterations
rampup   [  55% ] 005/400 VUs  07m42.9s/14m0s  037.71 iters/s

running (07m43.9s), 009/400 VUs, 35596 complete and 0 interrupted iterations
rampup   [  55% ] 009/400 VUs  07m43.9s/14m0s  035.78 iters/s

running (07m44.9s), 002/400 VUs, 35638 complete and 0 interrupted iterations
rampup   [  55% ] 002/400 VUs  07m44.9s/14m0s  033.86 iters/s

running (07m45.9s), 005/400 VUs, 35668 complete and 0 interrupted iterations
rampup   [  55% ] 005/400 VUs  07m45.9s/14m0s  031.93 iters/s

running (07m46.9s), 011/400 VUs, 35693 complete and 0 interrupted iterations
rampup   [  56% ] 011/400 VUs  07m46.9s/14m0s  030.02 iters/s

running (07m47.9s), 009/400 VUs, 35724 complete and 0 interrupted iterations
rampup   [  56% ] 009/400 VUs  07m47.9s/14m0s  028.10 iters/s

running (07m48.9s), 003/400 VUs, 35757 complete and 0 interrupted iterations
rampup   [  56% ] 003/400 VUs  07m48.9s/14m0s  026.20 iters/s

running (07m49.9s), 010/400 VUs, 35775 complete and 0 interrupted iterations
rampup   [  56% ] 010/400 VUs  07m49.9s/14m0s  024.30 iters/s

running (07m50.9s), 003/400 VUs, 35806 complete and 0 interrupted iterations
rampup   [  56% ] 003/400 VUs  07m50.9s/14m0s  022.33 iters/s

running (07m51.9s), 007/400 VUs, 35823 complete and 0 interrupted iterations
rampup   [  56% ] 007/400 VUs  07m51.9s/14m0s  020.44 iters/s

running (07m52.9s), 003/400 VUs, 35846 complete and 0 interrupted iterations
rampup   [  56% ] 003/400 VUs  07m52.9s/14m0s  018.58 iters/s

running (07m53.9s), 005/400 VUs, 35862 complete and 0 interrupted iterations
rampup   [  56% ] 005/400 VUs  07m53.9s/14m0s  016.62 iters/s

running (07m54.9s), 004/400 VUs, 35879 complete and 0 interrupted iterations
rampup   [  57% ] 004/400 VUs  07m54.9s/14m0s  014.65 iters/s

running (07m55.9s), 004/400 VUs, 35892 complete and 0 interrupted iterations
rampup   [  57% ] 004/400 VUs  07m55.9s/14m0s  012.84 iters/s

running (07m56.9s), 003/400 VUs, 35905 complete and 0 interrupted iterations
rampup   [  57% ] 003/400 VUs  07m56.9s/14m0s  010.90 iters/s

running (07m57.9s), 001/400 VUs, 35917 complete and 0 interrupted iterations
rampup   [  57% ] 001/400 VUs  07m57.9s/14m0s  008.98 iters/s

running (07m58.9s), 002/400 VUs, 35924 complete and 0 interrupted iterations
rampup   [  57% ] 002/400 VUs  07m58.9s/14m0s  007.06 iters/s

running (07m59.9s), 002/400 VUs, 35930 complete and 0 interrupted iterations
rampup   [  57% ] 002/400 VUs  07m59.9s/14m0s  005.18 iters/s

running (08m00.9s), 002/400 VUs, 35935 complete and 0 interrupted iterations
rampup   [  57% ] 002/400 VUs  08m00.9s/14m0s  005.00 iters/s

running (08m01.9s), 001/400 VUs, 35941 complete and 0 interrupted iterations
rampup   [  57% ] 001/400 VUs  08m01.9s/14m0s  005.00 iters/s

running (08m02.9s), 002/400 VUs, 35945 complete and 0 interrupted iterations
rampup   [  57% ] 002/400 VUs  08m02.9s/14m0s  005.00 iters/s

running (08m03.9s), 002/400 VUs, 35950 complete and 0 interrupted iterations
rampup   [  58% ] 002/400 VUs  08m03.9s/14m0s  005.00 iters/s

running (08m04.9s), 001/400 VUs, 35956 complete and 0 interrupted iterations
rampup   [  58% ] 001/400 VUs  08m04.9s/14m0s  005.00 iters/s

running (08m06.0s), 002/400 VUs, 35960 complete and 0 interrupted iterations
rampup   [  58% ] 002/400 VUs  08m06.0s/14m0s  005.00 iters/s

running (08m06.9s), 001/400 VUs, 35966 complete and 0 interrupted iterations
rampup   [  58% ] 001/400 VUs  08m06.9s/14m0s  005.00 iters/s

running (08m07.9s), 002/400 VUs, 35970 complete and 0 interrupted iterations
rampup   [  58% ] 002/400 VUs  08m07.9s/14m0s  005.00 iters/s

running (08m08.9s), 001/400 VUs, 35976 complete and 0 interrupted iterations
rampup   [  58% ] 001/400 VUs  08m08.9s/14m0s  005.00 iters/s

running (08m09.9s), 001/400 VUs, 35981 complete and 0 interrupted iterations
rampup   [  58% ] 001/400 VUs  08m09.9s/14m0s  005.00 iters/s

running (08m10.9s), 002/400 VUs, 35985 complete and 0 interrupted iterations
rampup   [  58% ] 002/400 VUs  08m10.9s/14m0s  005.00 iters/s

running (08m11.9s), 001/400 VUs, 35991 complete and 0 interrupted iterations
rampup   [  59% ] 001/400 VUs  08m11.9s/14m0s  005.00 iters/s

running (08m12.9s), 000/400 VUs, 35997 complete and 0 interrupted iterations
rampup   [  59% ] 000/400 VUs  08m12.9s/14m0s  005.00 iters/s

running (08m13.9s), 001/400 VUs, 36001 complete and 0 interrupted iterations
rampup   [  59% ] 001/400 VUs  08m13.9s/14m0s  005.00 iters/s

running (08m14.9s), 002/400 VUs, 36005 complete and 0 interrupted iterations
rampup   [  59% ] 002/400 VUs  08m14.9s/14m0s  005.00 iters/s

running (08m15.9s), 000/400 VUs, 36012 complete and 0 interrupted iterations
rampup   [  59% ] 000/400 VUs  08m15.9s/14m0s  005.00 iters/s

running (08m16.9s), 001/400 VUs, 36016 complete and 0 interrupted iterations
rampup   [  59% ] 001/400 VUs  08m16.9s/14m0s  005.00 iters/s

running (08m17.9s), 002/400 VUs, 36020 complete and 0 interrupted iterations
rampup   [  59% ] 002/400 VUs  08m17.9s/14m0s  005.00 iters/s

running (08m18.9s), 001/400 VUs, 36026 complete and 0 interrupted iterations
rampup   [  59% ] 001/400 VUs  08m18.9s/14m0s  005.00 iters/s

running (08m19.9s), 002/400 VUs, 36030 complete and 0 interrupted iterations
rampup   [  60% ] 002/400 VUs  08m19.9s/14m0s  005.00 iters/s

running (08m20.9s), 001/400 VUs, 36036 complete and 0 interrupted iterations
rampup   [  60% ] 001/400 VUs  08m20.9s/14m0s  005.00 iters/s

running (08m21.9s), 002/400 VUs, 36040 complete and 0 interrupted iterations
rampup   [  60% ] 002/400 VUs  08m21.9s/14m0s  005.00 iters/s

running (08m22.9s), 001/400 VUs, 36046 complete and 0 interrupted iterations
rampup   [  60% ] 001/400 VUs  08m22.9s/14m0s  005.00 iters/s

running (08m23.9s), 002/400 VUs, 36050 complete and 0 interrupted iterations
rampup   [  60% ] 002/400 VUs  08m23.9s/14m0s  005.00 iters/s

running (08m24.9s), 001/400 VUs, 36056 complete and 0 interrupted iterations
rampup   [  60% ] 001/400 VUs  08m24.9s/14m0s  005.00 iters/s

running (08m25.9s), 002/400 VUs, 36060 complete and 0 interrupted iterations
rampup   [  60% ] 002/400 VUs  08m25.9s/14m0s  005.00 iters/s

running (08m26.9s), 001/400 VUs, 36066 complete and 0 interrupted iterations
rampup   [  60% ] 001/400 VUs  08m26.9s/14m0s  005.00 iters/s

running (08m27.9s), 002/400 VUs, 36070 complete and 0 interrupted iterations
rampup   [  60% ] 002/400 VUs  08m27.9s/14m0s  005.00 iters/s

running (08m28.9s), 001/400 VUs, 36076 complete and 0 interrupted iterations
rampup   [  61% ] 001/400 VUs  08m28.9s/14m0s  005.00 iters/s

running (08m29.9s), 002/400 VUs, 36080 complete and 0 interrupted iterations
rampup   [  61% ] 002/400 VUs  08m29.9s/14m0s  005.00 iters/s

running (08m30.9s), 001/400 VUs, 36086 complete and 0 interrupted iterations
rampup   [  61% ] 001/400 VUs  08m30.9s/14m0s  005.00 iters/s

running (08m31.9s), 000/400 VUs, 36092 complete and 0 interrupted iterations
rampup   [  61% ] 000/400 VUs  08m31.9s/14m0s  005.00 iters/s

running (08m32.9s), 001/400 VUs, 36096 complete and 0 interrupted iterations
rampup   [  61% ] 001/400 VUs  08m32.9s/14m0s  005.00 iters/s

running (08m33.9s), 002/400 VUs, 36100 complete and 0 interrupted iterations
rampup   [  61% ] 002/400 VUs  08m33.9s/14m0s  005.00 iters/s

running (08m34.9s), 001/400 VUs, 36106 complete and 0 interrupted iterations
rampup   [  61% ] 001/400 VUs  08m34.9s/14m0s  005.00 iters/s

running (08m35.9s), 002/400 VUs, 36110 complete and 0 interrupted iterations
rampup   [  61% ] 002/400 VUs  08m35.9s/14m0s  005.00 iters/s

running (08m36.9s), 001/400 VUs, 36116 complete and 0 interrupted iterations
rampup   [  62% ] 001/400 VUs  08m36.9s/14m0s  005.00 iters/s

running (08m37.9s), 002/400 VUs, 36120 complete and 0 interrupted iterations
rampup   [  62% ] 002/400 VUs  08m37.9s/14m0s  005.00 iters/s

running (08m38.9s), 002/400 VUs, 36125 complete and 0 interrupted iterations
rampup   [  62% ] 002/400 VUs  08m38.9s/14m0s  005.00 iters/s

running (08m39.9s), 001/400 VUs, 36131 complete and 0 interrupted iterations
rampup   [  62% ] 001/400 VUs  08m39.9s/14m0s  005.00 iters/s

running (08m40.9s), 002/400 VUs, 36135 complete and 0 interrupted iterations
rampup   [  62% ] 002/400 VUs  08m40.9s/14m0s  005.00 iters/s

running (08m41.9s), 001/400 VUs, 36141 complete and 0 interrupted iterations
rampup   [  62% ] 001/400 VUs  08m41.9s/14m0s  005.00 iters/s

running (08m42.9s), 002/400 VUs, 36145 complete and 0 interrupted iterations
rampup   [  62% ] 002/400 VUs  08m42.9s/14m0s  005.00 iters/s

running (08m43.9s), 001/400 VUs, 36151 complete and 0 interrupted iterations
rampup   [  62% ] 001/400 VUs  08m43.9s/14m0s  005.00 iters/s

running (08m44.9s), 001/400 VUs, 36156 complete and 0 interrupted iterations
rampup   [  62% ] 001/400 VUs  08m44.9s/14m0s  005.00 iters/s

running (08m45.9s), 002/400 VUs, 36160 complete and 0 interrupted iterations
rampup   [  63% ] 002/400 VUs  08m45.9s/14m0s  005.00 iters/s

running (08m46.9s), 001/400 VUs, 36166 complete and 0 interrupted iterations
rampup   [  63% ] 001/400 VUs  08m46.9s/14m0s  005.00 iters/s

running (08m47.9s), 002/400 VUs, 36170 complete and 0 interrupted iterations
rampup   [  63% ] 002/400 VUs  08m47.9s/14m0s  005.00 iters/s

running (08m48.9s), 001/400 VUs, 36176 complete and 0 interrupted iterations
rampup   [  63% ] 001/400 VUs  08m48.9s/14m0s  005.00 iters/s

running (08m49.9s), 002/400 VUs, 36180 complete and 0 interrupted iterations
rampup   [  63% ] 002/400 VUs  08m49.9s/14m0s  005.00 iters/s

running (08m50.9s), 001/400 VUs, 36186 complete and 0 interrupted iterations
rampup   [  63% ] 001/400 VUs  08m50.9s/14m0s  005.00 iters/s

running (08m51.9s), 002/400 VUs, 36190 complete and 0 interrupted iterations
rampup   [  63% ] 002/400 VUs  08m51.9s/14m0s  005.00 iters/s

running (08m52.9s), 001/400 VUs, 36196 complete and 0 interrupted iterations
rampup   [  63% ] 001/400 VUs  08m52.9s/14m0s  005.00 iters/s

running (08m53.9s), 000/400 VUs, 36202 complete and 0 interrupted iterations
rampup   [  64% ] 000/400 VUs  08m53.9s/14m0s  005.00 iters/s

running (08m54.9s), 001/400 VUs, 36206 complete and 0 interrupted iterations
rampup   [  64% ] 001/400 VUs  08m54.9s/14m0s  005.00 iters/s

running (08m55.9s), 002/400 VUs, 36210 complete and 0 interrupted iterations
rampup   [  64% ] 002/400 VUs  08m55.9s/14m0s  005.00 iters/s

running (08m56.9s), 001/400 VUs, 36216 complete and 0 interrupted iterations
rampup   [  64% ] 001/400 VUs  08m56.9s/14m0s  005.00 iters/s

running (08m57.9s), 002/400 VUs, 36220 complete and 0 interrupted iterations
rampup   [  64% ] 002/400 VUs  08m57.9s/14m0s  005.00 iters/s

running (08m58.9s), 001/400 VUs, 36226 complete and 0 interrupted iterations
rampup   [  64% ] 001/400 VUs  08m58.9s/14m0s  005.00 iters/s

running (08m59.9s), 002/400 VUs, 36230 complete and 0 interrupted iterations
rampup   [  64% ] 002/400 VUs  08m59.9s/14m0s  005.00 iters/s

running (09m00.9s), 001/400 VUs, 36236 complete and 0 interrupted iterations
rampup   [  64% ] 001/400 VUs  09m00.9s/14m0s  005.00 iters/s

running (09m01.9s), 002/400 VUs, 36240 complete and 0 interrupted iterations
rampup   [  65% ] 002/400 VUs  09m01.9s/14m0s  005.00 iters/s

running (09m02.9s), 001/400 VUs, 36246 complete and 0 interrupted iterations
rampup   [  65% ] 001/400 VUs  09m02.9s/14m0s  005.00 iters/s

running (09m03.9s), 002/400 VUs, 36250 complete and 0 interrupted iterations
rampup   [  65% ] 002/400 VUs  09m03.9s/14m0s  005.00 iters/s

running (09m04.9s), 001/400 VUs, 36256 complete and 0 interrupted iterations
rampup   [  65% ] 001/400 VUs  09m04.9s/14m0s  005.00 iters/s

running (09m05.9s), 002/400 VUs, 36260 complete and 0 interrupted iterations
rampup   [  65% ] 002/400 VUs  09m05.9s/14m0s  005.00 iters/s

running (09m06.9s), 002/400 VUs, 36265 complete and 0 interrupted iterations
rampup   [  65% ] 002/400 VUs  09m06.9s/14m0s  005.00 iters/s

running (09m07.9s), 001/400 VUs, 36271 complete and 0 interrupted iterations
rampup   [  65% ] 001/400 VUs  09m07.9s/14m0s  005.00 iters/s

running (09m08.9s), 002/400 VUs, 36275 complete and 0 interrupted iterations
rampup   [  65% ] 002/400 VUs  09m08.9s/14m0s  005.00 iters/s

running (09m09.9s), 002/400 VUs, 36280 complete and 0 interrupted iterations
rampup   [  65% ] 002/400 VUs  09m09.9s/14m0s  005.00 iters/s

running (09m10.9s), 001/400 VUs, 36286 complete and 0 interrupted iterations
rampup   [  66% ] 001/400 VUs  09m10.9s/14m0s  005.00 iters/s

running (09m11.9s), 002/400 VUs, 36290 complete and 0 interrupted iterations
rampup   [  66% ] 002/400 VUs  09m11.9s/14m0s  005.00 iters/s

running (09m12.9s), 001/400 VUs, 36296 complete and 0 interrupted iterations
rampup   [  66% ] 001/400 VUs  09m12.9s/14m0s  005.00 iters/s

running (09m13.9s), 002/400 VUs, 36300 complete and 0 interrupted iterations
rampup   [  66% ] 002/400 VUs  09m13.9s/14m0s  005.00 iters/s

running (09m14.9s), 001/400 VUs, 36306 complete and 0 interrupted iterations
rampup   [  66% ] 001/400 VUs  09m14.9s/14m0s  005.00 iters/s

running (09m15.9s), 000/400 VUs, 36312 complete and 0 interrupted iterations
rampup   [  66% ] 000/400 VUs  09m15.9s/14m0s  005.00 iters/s

running (09m16.9s), 002/400 VUs, 36315 complete and 0 interrupted iterations
rampup   [  66% ] 002/400 VUs  09m16.9s/14m0s  005.00 iters/s

running (09m17.9s), 002/400 VUs, 36320 complete and 0 interrupted iterations
rampup   [  66% ] 002/400 VUs  09m17.9s/14m0s  005.00 iters/s

running (09m18.9s), 001/400 VUs, 36326 complete and 0 interrupted iterations
rampup   [  67% ] 001/400 VUs  09m18.9s/14m0s  005.00 iters/s

running (09m19.9s), 002/400 VUs, 36330 complete and 0 interrupted iterations
rampup   [  67% ] 002/400 VUs  09m19.9s/14m0s  005.00 iters/s

running (09m20.9s), 001/400 VUs, 36336 complete and 0 interrupted iterations
rampup   [  67% ] 001/400 VUs  09m20.9s/14m0s  005.00 iters/s

running (09m21.9s), 002/400 VUs, 36340 complete and 0 interrupted iterations
rampup   [  67% ] 002/400 VUs  09m21.9s/14m0s  005.00 iters/s

running (09m22.9s), 002/400 VUs, 36345 complete and 0 interrupted iterations
rampup   [  67% ] 002/400 VUs  09m22.9s/14m0s  005.00 iters/s

running (09m23.9s), 001/400 VUs, 36351 complete and 0 interrupted iterations
rampup   [  67% ] 001/400 VUs  09m23.9s/14m0s  005.00 iters/s

running (09m24.9s), 002/400 VUs, 36355 complete and 0 interrupted iterations
rampup   [  67% ] 002/400 VUs  09m24.9s/14m0s  005.00 iters/s

running (09m25.9s), 001/400 VUs, 36361 complete and 0 interrupted iterations
rampup   [  67% ] 001/400 VUs  09m25.9s/14m0s  005.00 iters/s

running (09m26.9s), 002/400 VUs, 36365 complete and 0 interrupted iterations
rampup   [  67% ] 002/400 VUs  09m26.9s/14m0s  005.00 iters/s

running (09m27.9s), 001/400 VUs, 36371 complete and 0 interrupted iterations
rampup   [  68% ] 001/400 VUs  09m27.9s/14m0s  005.00 iters/s

running (09m28.9s), 001/400 VUs, 36376 complete and 0 interrupted iterations
rampup   [  68% ] 001/400 VUs  09m28.9s/14m0s  005.00 iters/s

running (09m29.9s), 002/400 VUs, 36380 complete and 0 interrupted iterations
rampup   [  68% ] 002/400 VUs  09m29.9s/14m0s  005.00 iters/s

running (09m30.9s), 001/400 VUs, 36386 complete and 0 interrupted iterations
rampup   [  68% ] 001/400 VUs  09m30.9s/14m0s  005.00 iters/s

running (09m31.9s), 002/400 VUs, 36390 complete and 0 interrupted iterations
rampup   [  68% ] 002/400 VUs  09m31.9s/14m0s  005.00 iters/s

running (09m32.9s), 001/400 VUs, 36396 complete and 0 interrupted iterations
rampup   [  68% ] 001/400 VUs  09m32.9s/14m0s  005.00 iters/s

running (09m33.9s), 002/400 VUs, 36400 complete and 0 interrupted iterations
rampup   [  68% ] 002/400 VUs  09m33.9s/14m0s  005.00 iters/s

running (09m34.9s), 002/400 VUs, 36405 complete and 0 interrupted iterations
rampup   [  68% ] 002/400 VUs  09m34.9s/14m0s  005.00 iters/s

running (09m35.9s), 001/400 VUs, 36411 complete and 0 interrupted iterations
rampup   [  69% ] 001/400 VUs  09m35.9s/14m0s  005.00 iters/s

running (09m36.9s), 002/400 VUs, 36415 complete and 0 interrupted iterations
rampup   [  69% ] 002/400 VUs  09m36.9s/14m0s  005.00 iters/s

running (09m37.9s), 001/400 VUs, 36421 complete and 0 interrupted iterations
rampup   [  69% ] 001/400 VUs  09m37.9s/14m0s  005.00 iters/s

running (09m38.9s), 002/400 VUs, 36425 complete and 0 interrupted iterations
rampup   [  69% ] 002/400 VUs  09m38.9s/14m0s  005.00 iters/s

running (09m39.9s), 001/400 VUs, 36431 complete and 0 interrupted iterations
rampup   [  69% ] 001/400 VUs  09m39.9s/14m0s  005.00 iters/s

running (09m40.9s), 001/400 VUs, 36436 complete and 0 interrupted iterations
rampup   [  69% ] 001/400 VUs  09m40.9s/14m0s  005.00 iters/s

running (09m41.9s), 002/400 VUs, 36440 complete and 0 interrupted iterations
rampup   [  69% ] 002/400 VUs  09m41.9s/14m0s  005.00 iters/s

running (09m42.9s), 001/400 VUs, 36446 complete and 0 interrupted iterations
rampup   [  69% ] 001/400 VUs  09m42.9s/14m0s  005.00 iters/s

running (09m43.9s), 000/400 VUs, 36452 complete and 0 interrupted iterations
rampup   [  70% ] 000/400 VUs  09m43.9s/14m0s  005.00 iters/s

running (09m44.9s), 001/400 VUs, 36456 complete and 0 interrupted iterations
rampup   [  70% ] 001/400 VUs  09m44.9s/14m0s  005.00 iters/s

running (09m45.9s), 002/400 VUs, 36460 complete and 0 interrupted iterations
rampup   [  70% ] 002/400 VUs  09m45.9s/14m0s  005.00 iters/s

running (09m46.9s), 000/400 VUs, 36467 complete and 0 interrupted iterations
rampup   [  70% ] 000/400 VUs  09m46.9s/14m0s  005.00 iters/s

running (09m47.9s), 001/400 VUs, 36471 complete and 0 interrupted iterations
rampup   [  70% ] 001/400 VUs  09m47.9s/14m0s  005.00 iters/s

running (09m48.9s), 002/400 VUs, 36475 complete and 0 interrupted iterations
rampup   [  70% ] 002/400 VUs  09m48.9s/14m0s  005.00 iters/s

running (09m49.9s), 000/400 VUs, 36482 complete and 0 interrupted iterations
rampup   [  70% ] 000/400 VUs  09m49.9s/14m0s  005.00 iters/s

running (09m50.9s), 001/400 VUs, 36486 complete and 0 interrupted iterations
rampup   [  70% ] 001/400 VUs  09m50.9s/14m0s  005.00 iters/s

running (09m51.9s), 002/400 VUs, 36490 complete and 0 interrupted iterations
rampup   [  70% ] 002/400 VUs  09m51.9s/14m0s  005.00 iters/s

running (09m52.9s), 000/400 VUs, 36497 complete and 0 interrupted iterations
rampup   [  71% ] 000/400 VUs  09m52.9s/14m0s  005.00 iters/s

running (09m53.9s), 001/400 VUs, 36501 complete and 0 interrupted iterations
rampup   [  71% ] 001/400 VUs  09m53.9s/14m0s  005.00 iters/s

running (09m54.9s), 002/400 VUs, 36505 complete and 0 interrupted iterations
rampup   [  71% ] 002/400 VUs  09m54.9s/14m0s  005.00 iters/s

running (09m55.9s), 000/400 VUs, 36512 complete and 0 interrupted iterations
rampup   [  71% ] 000/400 VUs  09m55.9s/14m0s  005.00 iters/s

running (09m56.9s), 001/400 VUs, 36516 complete and 0 interrupted iterations
rampup   [  71% ] 001/400 VUs  09m56.9s/14m0s  005.00 iters/s

running (09m57.9s), 002/400 VUs, 36520 complete and 0 interrupted iterations
rampup   [  71% ] 002/400 VUs  09m57.9s/14m0s  005.00 iters/s

running (09m58.9s), 001/400 VUs, 36526 complete and 0 interrupted iterations
rampup   [  71% ] 001/400 VUs  09m58.9s/14m0s  005.00 iters/s

running (09m59.9s), 002/400 VUs, 36530 complete and 0 interrupted iterations
rampup   [  71% ] 002/400 VUs  09m59.9s/14m0s  005.00 iters/s

running (10m00.9s), 001/400 VUs, 36536 complete and 0 interrupted iterations
rampup   [  72% ] 001/400 VUs  10m00.9s/14m0s  005.00 iters/s

running (10m01.9s), 002/400 VUs, 36540 complete and 0 interrupted iterations
rampup   [  72% ] 002/400 VUs  10m01.9s/14m0s  005.00 iters/s

running (10m02.9s), 002/400 VUs, 36545 complete and 0 interrupted iterations
rampup   [  72% ] 002/400 VUs  10m02.9s/14m0s  005.00 iters/s

running (10m03.9s), 001/400 VUs, 36551 complete and 0 interrupted iterations
rampup   [  72% ] 001/400 VUs  10m03.9s/14m0s  005.00 iters/s

running (10m04.9s), 002/400 VUs, 36555 complete and 0 interrupted iterations
rampup   [  72% ] 002/400 VUs  10m04.9s/14m0s  005.00 iters/s

running (10m05.9s), 001/400 VUs, 36561 complete and 0 interrupted iterations
rampup   [  72% ] 001/400 VUs  10m05.9s/14m0s  005.00 iters/s

running (10m06.9s), 002/400 VUs, 36565 complete and 0 interrupted iterations
rampup   [  72% ] 002/400 VUs  10m06.9s/14m0s  005.00 iters/s

running (10m07.9s), 001/400 VUs, 36571 complete and 0 interrupted iterations
rampup   [  72% ] 001/400 VUs  10m07.9s/14m0s  005.00 iters/s

running (10m08.9s), 002/400 VUs, 36575 complete and 0 interrupted iterations
rampup   [  72% ] 002/400 VUs  10m08.9s/14m0s  005.00 iters/s

running (10m09.9s), 001/400 VUs, 36581 complete and 0 interrupted iterations
rampup   [  73% ] 001/400 VUs  10m09.9s/14m0s  005.00 iters/s

running (10m10.9s), 002/400 VUs, 36585 complete and 0 interrupted iterations
rampup   [  73% ] 002/400 VUs  10m10.9s/14m0s  005.00 iters/s

running (10m11.9s), 001/400 VUs, 36591 complete and 0 interrupted iterations
rampup   [  73% ] 001/400 VUs  10m11.9s/14m0s  005.00 iters/s

running (10m12.9s), 002/400 VUs, 36595 complete and 0 interrupted iterations
rampup   [  73% ] 002/400 VUs  10m12.9s/14m0s  005.00 iters/s

running (10m13.9s), 001/400 VUs, 36601 complete and 0 interrupted iterations
rampup   [  73% ] 001/400 VUs  10m13.9s/14m0s  005.00 iters/s

running (10m14.9s), 000/400 VUs, 36607 complete and 0 interrupted iterations
rampup   [  73% ] 000/400 VUs  10m14.9s/14m0s  005.00 iters/s

running (10m15.9s), 001/400 VUs, 36611 complete and 0 interrupted iterations
rampup   [  73% ] 001/400 VUs  10m15.9s/14m0s  005.00 iters/s

running (10m16.9s), 002/400 VUs, 36615 complete and 0 interrupted iterations
rampup   [  73% ] 002/400 VUs  10m16.9s/14m0s  005.00 iters/s

running (10m17.9s), 001/400 VUs, 36621 complete and 0 interrupted iterations
rampup   [  74% ] 001/400 VUs  10m17.9s/14m0s  005.00 iters/s

running (10m18.9s), 002/400 VUs, 36625 complete and 0 interrupted iterations
rampup   [  74% ] 002/400 VUs  10m18.9s/14m0s  005.00 iters/s

running (10m19.9s), 001/400 VUs, 36631 complete and 0 interrupted iterations
rampup   [  74% ] 001/400 VUs  10m19.9s/14m0s  005.00 iters/s

running (10m20.9s), 002/400 VUs, 36635 complete and 0 interrupted iterations
rampup   [  74% ] 002/400 VUs  10m20.9s/14m0s  005.00 iters/s

running (10m21.9s), 001/400 VUs, 36641 complete and 0 interrupted iterations
rampup   [  74% ] 001/400 VUs  10m21.9s/14m0s  005.00 iters/s

running (10m22.9s), 001/400 VUs, 36646 complete and 0 interrupted iterations
rampup   [  74% ] 001/400 VUs  10m22.9s/14m0s  005.00 iters/s

running (10m23.9s), 002/400 VUs, 36650 complete and 0 interrupted iterations
rampup   [  74% ] 002/400 VUs  10m23.9s/14m0s  005.00 iters/s

running (10m24.9s), 001/400 VUs, 36656 complete and 0 interrupted iterations
rampup   [  74% ] 001/400 VUs  10m24.9s/14m0s  005.00 iters/s

running (10m25.9s), 002/400 VUs, 36660 complete and 0 interrupted iterations
rampup   [  75% ] 002/400 VUs  10m25.9s/14m0s  005.00 iters/s

running (10m26.9s), 001/400 VUs, 36666 complete and 0 interrupted iterations
rampup   [  75% ] 001/400 VUs  10m26.9s/14m0s  005.00 iters/s

running (10m27.9s), 002/400 VUs, 36670 complete and 0 interrupted iterations
rampup   [  75% ] 002/400 VUs  10m27.9s/14m0s  005.00 iters/s

running (10m28.9s), 001/400 VUs, 36676 complete and 0 interrupted iterations
rampup   [  75% ] 001/400 VUs  10m28.9s/14m0s  005.00 iters/s

running (10m29.9s), 002/400 VUs, 36680 complete and 0 interrupted iterations
rampup   [  75% ] 002/400 VUs  10m29.9s/14m0s  005.00 iters/s

running (10m30.9s), 002/400 VUs, 36685 complete and 0 interrupted iterations
rampup   [  75% ] 002/400 VUs  10m30.9s/14m0s  005.00 iters/s

running (10m31.9s), 001/400 VUs, 36691 complete and 0 interrupted iterations
rampup   [  75% ] 001/400 VUs  10m31.9s/14m0s  005.00 iters/s

running (10m32.9s), 002/400 VUs, 36695 complete and 0 interrupted iterations
rampup   [  75% ] 002/400 VUs  10m32.9s/14m0s  005.00 iters/s

running (10m33.9s), 001/400 VUs, 36701 complete and 0 interrupted iterations
rampup   [  75% ] 001/400 VUs  10m33.9s/14m0s  005.00 iters/s

running (10m34.9s), 002/400 VUs, 36705 complete and 0 interrupted iterations
rampup   [  76% ] 002/400 VUs  10m34.9s/14m0s  005.00 iters/s

running (10m35.9s), 001/400 VUs, 36711 complete and 0 interrupted iterations
rampup   [  76% ] 001/400 VUs  10m35.9s/14m0s  005.00 iters/s

running (10m36.9s), 001/400 VUs, 36716 complete and 0 interrupted iterations
rampup   [  76% ] 001/400 VUs  10m36.9s/14m0s  005.00 iters/s

running (10m37.9s), 002/400 VUs, 36720 complete and 0 interrupted iterations
rampup   [  76% ] 002/400 VUs  10m37.9s/14m0s  005.00 iters/s

running (10m38.9s), 001/400 VUs, 36726 complete and 0 interrupted iterations
rampup   [  76% ] 001/400 VUs  10m38.9s/14m0s  005.00 iters/s

running (10m39.9s), 000/400 VUs, 36732 complete and 0 interrupted iterations
rampup   [  76% ] 000/400 VUs  10m39.9s/14m0s  005.00 iters/s

running (10m40.9s), 001/400 VUs, 36736 complete and 0 interrupted iterations
rampup   [  76% ] 001/400 VUs  10m40.9s/14m0s  005.00 iters/s

running (10m41.9s), 002/400 VUs, 36740 complete and 0 interrupted iterations
rampup   [  76% ] 002/400 VUs  10m41.9s/14m0s  005.00 iters/s

running (10m42.9s), 001/400 VUs, 36746 complete and 0 interrupted iterations
rampup   [  77% ] 001/400 VUs  10m42.9s/14m0s  005.00 iters/s

running (10m43.9s), 002/400 VUs, 36750 complete and 0 interrupted iterations
rampup   [  77% ] 002/400 VUs  10m43.9s/14m0s  005.00 iters/s

running (10m44.9s), 001/400 VUs, 36756 complete and 0 interrupted iterations
rampup   [  77% ] 001/400 VUs  10m44.9s/14m0s  005.00 iters/s

running (10m45.9s), 002/400 VUs, 36760 complete and 0 interrupted iterations
rampup   [  77% ] 002/400 VUs  10m45.9s/14m0s  005.00 iters/s

running (10m46.9s), 002/400 VUs, 36765 complete and 0 interrupted iterations
rampup   [  77% ] 002/400 VUs  10m46.9s/14m0s  005.00 iters/s

running (10m47.9s), 001/400 VUs, 36771 complete and 0 interrupted iterations
rampup   [  77% ] 001/400 VUs  10m47.9s/14m0s  005.00 iters/s

running (10m48.9s), 002/400 VUs, 36775 complete and 0 interrupted iterations
rampup   [  77% ] 002/400 VUs  10m48.9s/14m0s  005.00 iters/s

running (10m49.9s), 001/400 VUs, 36781 complete and 0 interrupted iterations
rampup   [  77% ] 001/400 VUs  10m49.9s/14m0s  005.00 iters/s

running (10m50.9s), 002/400 VUs, 36785 complete and 0 interrupted iterations
rampup   [  77% ] 002/400 VUs  10m50.9s/14m0s  005.00 iters/s

running (10m51.9s), 001/400 VUs, 36791 complete and 0 interrupted iterations
rampup   [  78% ] 001/400 VUs  10m51.9s/14m0s  005.00 iters/s

running (10m52.9s), 000/400 VUs, 36797 complete and 0 interrupted iterations
rampup   [  78% ] 000/400 VUs  10m52.9s/14m0s  005.00 iters/s

running (10m53.9s), 001/400 VUs, 36801 complete and 0 interrupted iterations
rampup   [  78% ] 001/400 VUs  10m53.9s/14m0s  005.00 iters/s

running (10m54.9s), 002/400 VUs, 36805 complete and 0 interrupted iterations
rampup   [  78% ] 002/400 VUs  10m54.9s/14m0s  005.00 iters/s

running (10m55.9s), 002/400 VUs, 36810 complete and 0 interrupted iterations
rampup   [  78% ] 002/400 VUs  10m55.9s/14m0s  005.00 iters/s

running (10m56.9s), 001/400 VUs, 36816 complete and 0 interrupted iterations
rampup   [  78% ] 001/400 VUs  10m56.9s/14m0s  005.00 iters/s

running (10m57.9s), 002/400 VUs, 36820 complete and 0 interrupted iterations
rampup   [  78% ] 002/400 VUs  10m57.9s/14m0s  005.00 iters/s

running (10m58.9s), 001/400 VUs, 36826 complete and 0 interrupted iterations
rampup   [  78% ] 001/400 VUs  10m58.9s/14m0s  005.00 iters/s

running (10m59.9s), 002/400 VUs, 36830 complete and 0 interrupted iterations
rampup   [  79% ] 002/400 VUs  10m59.9s/14m0s  005.00 iters/s

running (11m00.9s), 001/400 VUs, 36836 complete and 0 interrupted iterations
rampup   [  79% ] 001/400 VUs  11m00.9s/14m0s  005.00 iters/s

running (11m01.9s), 000/400 VUs, 36842 complete and 0 interrupted iterations
rampup   [  79% ] 000/400 VUs  11m01.9s/14m0s  005.00 iters/s

running (11m02.9s), 001/400 VUs, 36846 complete and 0 interrupted iterations
rampup   [  79% ] 001/400 VUs  11m02.9s/14m0s  005.00 iters/s

running (11m03.9s), 002/400 VUs, 36850 complete and 0 interrupted iterations
rampup   [  79% ] 002/400 VUs  11m03.9s/14m0s  005.00 iters/s

running (11m04.9s), 001/400 VUs, 36856 complete and 0 interrupted iterations
rampup   [  79% ] 001/400 VUs  11m04.9s/14m0s  005.00 iters/s

running (11m05.9s), 002/400 VUs, 36860 complete and 0 interrupted iterations
rampup   [  79% ] 002/400 VUs  11m05.9s/14m0s  005.00 iters/s

running (11m06.9s), 001/400 VUs, 36866 complete and 0 interrupted iterations
rampup   [  79% ] 001/400 VUs  11m06.9s/14m0s  005.00 iters/s

running (11m07.9s), 001/400 VUs, 36871 complete and 0 interrupted iterations
rampup   [  80% ] 001/400 VUs  11m07.9s/14m0s  005.00 iters/s

running (11m08.9s), 001/400 VUs, 36876 complete and 0 interrupted iterations
rampup   [  80% ] 001/400 VUs  11m08.9s/14m0s  005.00 iters/s

running (11m09.9s), 002/400 VUs, 36880 complete and 0 interrupted iterations
rampup   [  80% ] 002/400 VUs  11m09.9s/14m0s  005.00 iters/s

running (11m10.9s), 002/400 VUs, 36885 complete and 0 interrupted iterations
rampup   [  80% ] 002/400 VUs  11m10.9s/14m0s  005.00 iters/s

running (11m11.9s), 002/400 VUs, 36890 complete and 0 interrupted iterations
rampup   [  80% ] 002/400 VUs  11m11.9s/14m0s  005.00 iters/s

running (11m12.9s), 001/400 VUs, 36896 complete and 0 interrupted iterations
rampup   [  80% ] 001/400 VUs  11m12.9s/14m0s  005.00 iters/s

running (11m13.9s), 002/400 VUs, 36900 complete and 0 interrupted iterations
rampup   [  80% ] 002/400 VUs  11m13.9s/14m0s  005.00 iters/s

running (11m14.9s), 001/400 VUs, 36906 complete and 0 interrupted iterations
rampup   [  80% ] 001/400 VUs  11m14.9s/14m0s  005.00 iters/s

running (11m15.9s), 002/400 VUs, 36910 complete and 0 interrupted iterations
rampup   [  80% ] 002/400 VUs  11m15.9s/14m0s  005.00 iters/s

running (11m16.9s), 001/400 VUs, 36916 complete and 0 interrupted iterations
rampup   [  81% ] 001/400 VUs  11m16.9s/14m0s  005.00 iters/s

running (11m17.9s), 000/400 VUs, 36922 complete and 0 interrupted iterations
rampup   [  81% ] 000/400 VUs  11m17.9s/14m0s  005.00 iters/s

running (11m18.9s), 001/400 VUs, 36926 complete and 0 interrupted iterations
rampup   [  81% ] 001/400 VUs  11m18.9s/14m0s  005.00 iters/s

running (11m19.9s), 002/400 VUs, 36930 complete and 0 interrupted iterations
rampup   [  81% ] 002/400 VUs  11m19.9s/14m0s  005.00 iters/s

running (11m20.9s), 001/400 VUs, 36936 complete and 0 interrupted iterations
rampup   [  81% ] 001/400 VUs  11m20.9s/14m0s  005.00 iters/s

running (11m21.9s), 002/400 VUs, 36940 complete and 0 interrupted iterations
rampup   [  81% ] 002/400 VUs  11m21.9s/14m0s  005.00 iters/s

running (11m22.9s), 001/400 VUs, 36946 complete and 0 interrupted iterations
rampup   [  81% ] 001/400 VUs  11m22.9s/14m0s  005.00 iters/s

running (11m23.9s), 002/400 VUs, 36950 complete and 0 interrupted iterations
rampup   [  81% ] 002/400 VUs  11m23.9s/14m0s  005.00 iters/s

running (11m24.9s), 001/400 VUs, 36956 complete and 0 interrupted iterations
rampup   [  82% ] 001/400 VUs  11m24.9s/14m0s  005.00 iters/s

running (11m25.9s), 002/400 VUs, 36960 complete and 0 interrupted iterations
rampup   [  82% ] 002/400 VUs  11m25.9s/14m0s  005.00 iters/s

running (11m26.9s), 001/400 VUs, 36966 complete and 0 interrupted iterations
rampup   [  82% ] 001/400 VUs  11m26.9s/14m0s  005.00 iters/s

running (11m27.9s), 002/400 VUs, 36970 complete and 0 interrupted iterations
rampup   [  82% ] 002/400 VUs  11m27.9s/14m0s  005.00 iters/s

running (11m28.9s), 001/400 VUs, 36976 complete and 0 interrupted iterations
rampup   [  82% ] 001/400 VUs  11m28.9s/14m0s  005.00 iters/s

running (11m29.9s), 002/400 VUs, 36980 complete and 0 interrupted iterations
rampup   [  82% ] 002/400 VUs  11m29.9s/14m0s  005.00 iters/s

running (11m30.9s), 001/400 VUs, 36986 complete and 0 interrupted iterations
rampup   [  82% ] 001/400 VUs  11m30.9s/14m0s  005.00 iters/s

running (11m31.9s), 002/400 VUs, 36990 complete and 0 interrupted iterations
rampup   [  82% ] 002/400 VUs  11m31.9s/14m0s  005.00 iters/s

running (11m32.9s), 001/400 VUs, 36996 complete and 0 interrupted iterations
rampup   [  82% ] 001/400 VUs  11m32.9s/14m0s  005.00 iters/s

running (11m33.9s), 000/400 VUs, 37002 complete and 0 interrupted iterations
rampup   [  83% ] 000/400 VUs  11m33.9s/14m0s  005.00 iters/s

running (11m34.9s), 001/400 VUs, 37006 complete and 0 interrupted iterations
rampup   [  83% ] 001/400 VUs  11m34.9s/14m0s  005.00 iters/s

running (11m35.9s), 002/400 VUs, 37010 complete and 0 interrupted iterations
rampup   [  83% ] 002/400 VUs  11m35.9s/14m0s  005.00 iters/s

running (11m36.9s), 000/400 VUs, 37017 complete and 0 interrupted iterations
rampup   [  83% ] 000/400 VUs  11m36.9s/14m0s  005.00 iters/s

running (11m37.9s), 001/400 VUs, 37021 complete and 0 interrupted iterations
rampup   [  83% ] 001/400 VUs  11m37.9s/14m0s  005.00 iters/s

running (11m38.9s), 002/400 VUs, 37025 complete and 0 interrupted iterations
rampup   [  83% ] 002/400 VUs  11m38.9s/14m0s  005.00 iters/s

running (11m39.9s), 001/400 VUs, 37031 complete and 0 interrupted iterations
rampup   [  83% ] 001/400 VUs  11m39.9s/14m0s  005.00 iters/s

running (11m40.9s), 002/400 VUs, 37035 complete and 0 interrupted iterations
rampup   [  83% ] 002/400 VUs  11m40.9s/14m0s  005.00 iters/s

running (11m41.9s), 001/400 VUs, 37041 complete and 0 interrupted iterations
rampup   [  84% ] 001/400 VUs  11m41.9s/14m0s  005.00 iters/s

running (11m42.9s), 002/400 VUs, 37045 complete and 0 interrupted iterations
rampup   [  84% ] 002/400 VUs  11m42.9s/14m0s  005.00 iters/s

running (11m43.9s), 001/400 VUs, 37051 complete and 0 interrupted iterations
rampup   [  84% ] 001/400 VUs  11m43.9s/14m0s  005.00 iters/s

running (11m44.9s), 002/400 VUs, 37055 complete and 0 interrupted iterations
rampup   [  84% ] 002/400 VUs  11m44.9s/14m0s  005.00 iters/s

running (11m45.9s), 001/400 VUs, 37061 complete and 0 interrupted iterations
rampup   [  84% ] 001/400 VUs  11m45.9s/14m0s  005.00 iters/s

running (11m46.9s), 002/400 VUs, 37065 complete and 0 interrupted iterations
rampup   [  84% ] 002/400 VUs  11m46.9s/14m0s  005.00 iters/s

running (11m47.9s), 001/400 VUs, 37071 complete and 0 interrupted iterations
rampup   [  84% ] 001/400 VUs  11m47.9s/14m0s  005.00 iters/s

running (11m48.9s), 002/400 VUs, 37075 complete and 0 interrupted iterations
rampup   [  84% ] 002/400 VUs  11m48.9s/14m0s  005.00 iters/s

running (11m49.9s), 001/400 VUs, 37081 complete and 0 interrupted iterations
rampup   [  85% ] 001/400 VUs  11m49.9s/14m0s  005.00 iters/s

running (11m50.9s), 002/400 VUs, 37085 complete and 0 interrupted iterations
rampup   [  85% ] 002/400 VUs  11m50.9s/14m0s  005.00 iters/s

running (11m51.9s), 001/400 VUs, 37091 complete and 0 interrupted iterations
rampup   [  85% ] 001/400 VUs  11m51.9s/14m0s  005.00 iters/s

running (11m52.9s), 000/400 VUs, 37097 complete and 0 interrupted iterations
rampup   [  85% ] 000/400 VUs  11m52.9s/14m0s  005.00 iters/s

running (11m53.9s), 001/400 VUs, 37101 complete and 0 interrupted iterations
rampup   [  85% ] 001/400 VUs  11m53.9s/14m0s  005.00 iters/s

running (11m54.9s), 002/400 VUs, 37105 complete and 0 interrupted iterations
rampup   [  85% ] 002/400 VUs  11m54.9s/14m0s  005.00 iters/s

running (11m55.9s), 000/400 VUs, 37112 complete and 0 interrupted iterations
rampup   [  85% ] 000/400 VUs  11m55.9s/14m0s  005.00 iters/s

running (11m56.9s), 001/400 VUs, 37116 complete and 0 interrupted iterations
rampup   [  85% ] 001/400 VUs  11m56.9s/14m0s  005.00 iters/s

running (11m57.9s), 002/400 VUs, 37120 complete and 0 interrupted iterations
rampup   [  85% ] 002/400 VUs  11m57.9s/14m0s  005.00 iters/s

running (11m58.9s), 000/400 VUs, 37127 complete and 0 interrupted iterations
rampup   [  86% ] 000/400 VUs  11m58.9s/14m0s  005.00 iters/s

running (11m59.9s), 001/400 VUs, 37131 complete and 0 interrupted iterations
rampup   [  86% ] 001/400 VUs  11m59.9s/14m0s  005.00 iters/s

running (12m00.9s), 002/400 VUs, 37135 complete and 0 interrupted iterations
rampup   [  86% ] 002/400 VUs  12m00.9s/14m0s  005.00 iters/s

running (12m01.9s), 001/400 VUs, 37141 complete and 0 interrupted iterations
rampup   [  86% ] 001/400 VUs  12m01.9s/14m0s  005.00 iters/s

running (12m02.9s), 002/400 VUs, 37145 complete and 0 interrupted iterations
rampup   [  86% ] 002/400 VUs  12m02.9s/14m0s  005.00 iters/s

running (12m03.9s), 001/400 VUs, 37151 complete and 0 interrupted iterations
rampup   [  86% ] 001/400 VUs  12m03.9s/14m0s  005.00 iters/s

running (12m04.9s), 002/400 VUs, 37155 complete and 0 interrupted iterations
rampup   [  86% ] 002/400 VUs  12m04.9s/14m0s  005.00 iters/s

running (12m05.9s), 002/400 VUs, 37160 complete and 0 interrupted iterations
rampup   [  86% ] 002/400 VUs  12m05.9s/14m0s  005.00 iters/s

running (12m06.9s), 001/400 VUs, 37166 complete and 0 interrupted iterations
rampup   [  87% ] 001/400 VUs  12m06.9s/14m0s  005.00 iters/s

running (12m07.9s), 002/400 VUs, 37170 complete and 0 interrupted iterations
rampup   [  87% ] 002/400 VUs  12m07.9s/14m0s  005.00 iters/s

running (12m08.9s), 001/400 VUs, 37176 complete and 0 interrupted iterations
rampup   [  87% ] 001/400 VUs  12m08.9s/14m0s  005.00 iters/s

running (12m09.9s), 002/400 VUs, 37180 complete and 0 interrupted iterations
rampup   [  87% ] 002/400 VUs  12m09.9s/14m0s  005.00 iters/s

running (12m10.9s), 001/400 VUs, 37186 complete and 0 interrupted iterations
rampup   [  87% ] 001/400 VUs  12m10.9s/14m0s  005.00 iters/s

running (12m11.9s), 002/400 VUs, 37190 complete and 0 interrupted iterations
rampup   [  87% ] 002/400 VUs  12m11.9s/14m0s  005.00 iters/s

running (12m12.9s), 001/400 VUs, 37196 complete and 0 interrupted iterations
rampup   [  87% ] 001/400 VUs  12m12.9s/14m0s  005.00 iters/s

running (12m13.9s), 002/400 VUs, 37200 complete and 0 interrupted iterations
rampup   [  87% ] 002/400 VUs  12m13.9s/14m0s  005.00 iters/s

running (12m14.9s), 001/400 VUs, 37206 complete and 0 interrupted iterations
rampup   [  87% ] 001/400 VUs  12m14.9s/14m0s  005.00 iters/s

running (12m15.9s), 002/400 VUs, 37210 complete and 0 interrupted iterations
rampup   [  88% ] 002/400 VUs  12m15.9s/14m0s  005.00 iters/s

running (12m16.9s), 001/400 VUs, 37216 complete and 0 interrupted iterations
rampup   [  88% ] 001/400 VUs  12m16.9s/14m0s  005.00 iters/s

running (12m17.9s), 000/400 VUs, 37222 complete and 0 interrupted iterations
rampup   [  88% ] 000/400 VUs  12m17.9s/14m0s  005.00 iters/s

running (12m18.9s), 001/400 VUs, 37226 complete and 0 interrupted iterations
rampup   [  88% ] 001/400 VUs  12m18.9s/14m0s  005.00 iters/s

running (12m19.9s), 002/400 VUs, 37230 complete and 0 interrupted iterations
rampup   [  88% ] 002/400 VUs  12m19.9s/14m0s  005.00 iters/s

running (12m20.9s), 000/400 VUs, 37237 complete and 0 interrupted iterations
rampup   [  88% ] 000/400 VUs  12m20.9s/14m0s  005.00 iters/s

running (12m21.9s), 001/400 VUs, 37241 complete and 0 interrupted iterations
rampup   [  88% ] 001/400 VUs  12m21.9s/14m0s  005.00 iters/s

running (12m22.9s), 002/400 VUs, 37245 complete and 0 interrupted iterations
rampup   [  88% ] 002/400 VUs  12m22.9s/14m0s  005.00 iters/s

running (12m23.9s), 001/400 VUs, 37251 complete and 0 interrupted iterations
rampup   [  89% ] 001/400 VUs  12m23.9s/14m0s  005.00 iters/s

running (12m24.9s), 002/400 VUs, 37255 complete and 0 interrupted iterations
rampup   [  89% ] 002/400 VUs  12m24.9s/14m0s  005.00 iters/s

running (12m25.9s), 001/400 VUs, 37261 complete and 0 interrupted iterations
rampup   [  89% ] 001/400 VUs  12m25.9s/14m0s  005.00 iters/s

running (12m26.9s), 002/400 VUs, 37265 complete and 0 interrupted iterations
rampup   [  89% ] 002/400 VUs  12m26.9s/14m0s  005.00 iters/s

running (12m27.9s), 001/400 VUs, 37271 complete and 0 interrupted iterations
rampup   [  89% ] 001/400 VUs  12m27.9s/14m0s  005.00 iters/s

running (12m28.9s), 002/400 VUs, 37275 complete and 0 interrupted iterations
rampup   [  89% ] 002/400 VUs  12m28.9s/14m0s  005.00 iters/s

running (12m29.9s), 001/400 VUs, 37281 complete and 0 interrupted iterations
rampup   [  89% ] 001/400 VUs  12m29.9s/14m0s  005.00 iters/s

running (12m30.9s), 001/400 VUs, 37286 complete and 0 interrupted iterations
rampup   [  89% ] 001/400 VUs  12m30.9s/14m0s  005.00 iters/s

running (12m31.9s), 002/400 VUs, 37290 complete and 0 interrupted iterations
rampup   [  90% ] 002/400 VUs  12m31.9s/14m0s  005.00 iters/s

running (12m32.9s), 001/400 VUs, 37296 complete and 0 interrupted iterations
rampup   [  90% ] 001/400 VUs  12m32.9s/14m0s  005.00 iters/s

running (12m33.9s), 002/400 VUs, 37300 complete and 0 interrupted iterations
rampup   [  90% ] 002/400 VUs  12m33.9s/14m0s  005.00 iters/s

running (12m34.9s), 001/400 VUs, 37306 complete and 0 interrupted iterations
rampup   [  90% ] 001/400 VUs  12m34.9s/14m0s  005.00 iters/s

running (12m35.9s), 002/400 VUs, 37310 complete and 0 interrupted iterations
rampup   [  90% ] 002/400 VUs  12m35.9s/14m0s  005.00 iters/s

running (12m36.9s), 001/400 VUs, 37316 complete and 0 interrupted iterations
rampup   [  90% ] 001/400 VUs  12m36.9s/14m0s  005.00 iters/s

running (12m37.9s), 002/400 VUs, 37320 complete and 0 interrupted iterations
rampup   [  90% ] 002/400 VUs  12m37.9s/14m0s  005.00 iters/s

running (12m38.9s), 001/400 VUs, 37326 complete and 0 interrupted iterations
rampup   [  90% ] 001/400 VUs  12m38.9s/14m0s  005.00 iters/s

running (12m39.9s), 000/400 VUs, 37332 complete and 0 interrupted iterations
rampup   [  90% ] 000/400 VUs  12m39.9s/14m0s  005.00 iters/s

running (12m40.9s), 001/400 VUs, 37336 complete and 0 interrupted iterations
rampup   [  91% ] 001/400 VUs  12m40.9s/14m0s  005.00 iters/s

running (12m41.9s), 002/400 VUs, 37340 complete and 0 interrupted iterations
rampup   [  91% ] 002/400 VUs  12m41.9s/14m0s  005.00 iters/s

running (12m42.9s), 001/400 VUs, 37346 complete and 0 interrupted iterations
rampup   [  91% ] 001/400 VUs  12m42.9s/14m0s  005.00 iters/s

running (12m43.9s), 002/400 VUs, 37350 complete and 0 interrupted iterations
rampup   [  91% ] 002/400 VUs  12m43.9s/14m0s  005.00 iters/s

running (12m44.9s), 001/400 VUs, 37356 complete and 0 interrupted iterations
rampup   [  91% ] 001/400 VUs  12m44.9s/14m0s  005.00 iters/s

running (12m45.9s), 002/400 VUs, 37360 complete and 0 interrupted iterations
rampup   [  91% ] 002/400 VUs  12m45.9s/14m0s  005.00 iters/s

running (12m46.9s), 002/400 VUs, 37365 complete and 0 interrupted iterations
rampup   [  91% ] 002/400 VUs  12m46.9s/14m0s  005.00 iters/s

running (12m47.9s), 001/400 VUs, 37371 complete and 0 interrupted iterations
rampup   [  91% ] 001/400 VUs  12m47.9s/14m0s  005.00 iters/s

running (12m48.9s), 002/400 VUs, 37375 complete and 0 interrupted iterations
rampup   [  92% ] 002/400 VUs  12m48.9s/14m0s  005.00 iters/s

running (12m49.9s), 001/400 VUs, 37381 complete and 0 interrupted iterations
rampup   [  92% ] 001/400 VUs  12m49.9s/14m0s  005.00 iters/s

running (12m50.9s), 002/400 VUs, 37385 complete and 0 interrupted iterations
rampup   [  92% ] 002/400 VUs  12m50.9s/14m0s  005.00 iters/s

running (12m51.9s), 001/400 VUs, 37391 complete and 0 interrupted iterations
rampup   [  92% ] 001/400 VUs  12m51.9s/14m0s  005.00 iters/s

running (12m52.9s), 001/400 VUs, 37396 complete and 0 interrupted iterations
rampup   [  92% ] 001/400 VUs  12m52.9s/14m0s  005.00 iters/s

running (12m53.9s), 002/400 VUs, 37400 complete and 0 interrupted iterations
rampup   [  92% ] 002/400 VUs  12m53.9s/14m0s  005.00 iters/s

running (12m54.9s), 001/400 VUs, 37406 complete and 0 interrupted iterations
rampup   [  92% ] 001/400 VUs  12m54.9s/14m0s  005.00 iters/s

running (12m55.9s), 002/400 VUs, 37410 complete and 0 interrupted iterations
rampup   [  92% ] 002/400 VUs  12m55.9s/14m0s  005.00 iters/s

running (12m56.9s), 001/400 VUs, 37416 complete and 0 interrupted iterations
rampup   [  92% ] 001/400 VUs  12m56.9s/14m0s  005.00 iters/s

running (12m57.9s), 002/400 VUs, 37420 complete and 0 interrupted iterations
rampup   [  93% ] 002/400 VUs  12m57.9s/14m0s  005.00 iters/s

running (12m58.9s), 001/400 VUs, 37426 complete and 0 interrupted iterations
rampup   [  93% ] 001/400 VUs  12m58.9s/14m0s  005.00 iters/s

running (12m59.9s), 002/400 VUs, 37430 complete and 0 interrupted iterations
rampup   [  93% ] 002/400 VUs  12m59.9s/14m0s  005.00 iters/s

running (13m00.9s), 001/400 VUs, 37436 complete and 0 interrupted iterations
rampup   [  93% ] 001/400 VUs  13m00.9s/14m0s  005.00 iters/s

running (13m01.9s), 000/400 VUs, 37442 complete and 0 interrupted iterations
rampup   [  93% ] 000/400 VUs  13m01.9s/14m0s  005.00 iters/s

running (13m02.9s), 001/400 VUs, 37446 complete and 0 interrupted iterations
rampup   [  93% ] 001/400 VUs  13m02.9s/14m0s  005.00 iters/s

running (13m03.9s), 002/400 VUs, 37450 complete and 0 interrupted iterations
rampup   [  93% ] 002/400 VUs  13m03.9s/14m0s  005.00 iters/s

running (13m04.9s), 001/400 VUs, 37456 complete and 0 interrupted iterations
rampup   [  93% ] 001/400 VUs  13m04.9s/14m0s  005.00 iters/s

running (13m05.9s), 002/400 VUs, 37460 complete and 0 interrupted iterations
rampup   [  94% ] 002/400 VUs  13m05.9s/14m0s  005.00 iters/s

running (13m06.9s), 001/400 VUs, 37466 complete and 0 interrupted iterations
rampup   [  94% ] 001/400 VUs  13m06.9s/14m0s  005.00 iters/s

running (13m07.9s), 002/400 VUs, 37470 complete and 0 interrupted iterations
rampup   [  94% ] 002/400 VUs  13m07.9s/14m0s  005.00 iters/s

running (13m08.9s), 001/400 VUs, 37476 complete and 0 interrupted iterations
rampup   [  94% ] 001/400 VUs  13m08.9s/14m0s  005.00 iters/s

running (13m09.9s), 002/400 VUs, 37480 complete and 0 interrupted iterations
rampup   [  94% ] 002/400 VUs  13m09.9s/14m0s  005.00 iters/s

running (13m10.9s), 001/400 VUs, 37486 complete and 0 interrupted iterations
rampup   [  94% ] 001/400 VUs  13m10.9s/14m0s  005.00 iters/s

running (13m11.9s), 002/400 VUs, 37490 complete and 0 interrupted iterations
rampup   [  94% ] 002/400 VUs  13m11.9s/14m0s  005.00 iters/s

running (13m12.9s), 001/400 VUs, 37496 complete and 0 interrupted iterations
rampup   [  94% ] 001/400 VUs  13m12.9s/14m0s  005.00 iters/s

running (13m13.9s), 002/400 VUs, 37500 complete and 0 interrupted iterations
rampup   [  95% ] 002/400 VUs  13m13.9s/14m0s  005.00 iters/s

running (13m14.9s), 002/400 VUs, 37505 complete and 0 interrupted iterations
rampup   [  95% ] 002/400 VUs  13m14.9s/14m0s  005.00 iters/s

running (13m15.9s), 001/400 VUs, 37511 complete and 0 interrupted iterations
rampup   [  95% ] 001/400 VUs  13m15.9s/14m0s  005.00 iters/s

running (13m16.9s), 002/400 VUs, 37515 complete and 0 interrupted iterations
rampup   [  95% ] 002/400 VUs  13m16.9s/14m0s  005.00 iters/s

running (13m17.9s), 001/400 VUs, 37521 complete and 0 interrupted iterations
rampup   [  95% ] 001/400 VUs  13m17.9s/14m0s  005.00 iters/s

running (13m18.9s), 002/400 VUs, 37525 complete and 0 interrupted iterations
rampup   [  95% ] 002/400 VUs  13m18.9s/14m0s  005.00 iters/s

running (13m19.9s), 001/400 VUs, 37531 complete and 0 interrupted iterations
rampup   [  95% ] 001/400 VUs  13m19.9s/14m0s  005.00 iters/s

running (13m20.9s), 000/400 VUs, 37537 complete and 0 interrupted iterations
rampup   [  95% ] 000/400 VUs  13m20.9s/14m0s  005.00 iters/s

running (13m21.9s), 001/400 VUs, 37541 complete and 0 interrupted iterations
rampup   [  95% ] 001/400 VUs  13m21.9s/14m0s  005.00 iters/s

running (13m22.9s), 002/400 VUs, 37545 complete and 0 interrupted iterations
rampup   [  96% ] 002/400 VUs  13m22.9s/14m0s  005.00 iters/s

running (13m23.9s), 001/400 VUs, 37551 complete and 0 interrupted iterations
rampup   [  96% ] 001/400 VUs  13m23.9s/14m0s  005.00 iters/s

running (13m24.9s), 002/400 VUs, 37555 complete and 0 interrupted iterations
rampup   [  96% ] 002/400 VUs  13m24.9s/14m0s  005.00 iters/s

running (13m25.9s), 001/400 VUs, 37561 complete and 0 interrupted iterations
rampup   [  96% ] 001/400 VUs  13m25.9s/14m0s  005.00 iters/s

running (13m26.9s), 002/400 VUs, 37565 complete and 0 interrupted iterations
rampup   [  96% ] 002/400 VUs  13m26.9s/14m0s  005.00 iters/s

running (13m27.9s), 001/400 VUs, 37571 complete and 0 interrupted iterations
rampup   [  96% ] 001/400 VUs  13m27.9s/14m0s  005.00 iters/s

running (13m28.9s), 002/400 VUs, 37575 complete and 0 interrupted iterations
rampup   [  96% ] 002/400 VUs  13m28.9s/14m0s  005.00 iters/s

running (13m29.9s), 001/400 VUs, 37581 complete and 0 interrupted iterations
rampup   [  96% ] 001/400 VUs  13m29.9s/14m0s  005.00 iters/s

running (13m30.9s), 001/400 VUs, 37586 complete and 0 interrupted iterations
rampup   [  97% ] 001/400 VUs  13m30.9s/14m0s  005.00 iters/s

running (13m31.9s), 002/400 VUs, 37590 complete and 0 interrupted iterations
rampup   [  97% ] 002/400 VUs  13m31.9s/14m0s  005.00 iters/s

running (13m32.9s), 001/400 VUs, 37596 complete and 0 interrupted iterations
rampup   [  97% ] 001/400 VUs  13m32.9s/14m0s  005.00 iters/s

running (13m33.9s), 002/400 VUs, 37600 complete and 0 interrupted iterations
rampup   [  97% ] 002/400 VUs  13m33.9s/14m0s  005.00 iters/s

running (13m34.9s), 001/400 VUs, 37606 complete and 0 interrupted iterations
rampup   [  97% ] 001/400 VUs  13m34.9s/14m0s  005.00 iters/s

running (13m35.9s), 002/400 VUs, 37610 complete and 0 interrupted iterations
rampup   [  97% ] 002/400 VUs  13m35.9s/14m0s  005.00 iters/s

running (13m36.9s), 002/400 VUs, 37615 complete and 0 interrupted iterations
rampup   [  97% ] 002/400 VUs  13m36.9s/14m0s  005.00 iters/s

running (13m37.9s), 001/400 VUs, 37621 complete and 0 interrupted iterations
rampup   [  97% ] 001/400 VUs  13m37.9s/14m0s  005.00 iters/s

running (13m38.9s), 002/400 VUs, 37625 complete and 0 interrupted iterations
rampup   [  97% ] 002/400 VUs  13m38.9s/14m0s  005.00 iters/s

running (13m39.9s), 001/400 VUs, 37631 complete and 0 interrupted iterations
rampup   [  98% ] 001/400 VUs  13m39.9s/14m0s  005.00 iters/s

running (13m40.9s), 002/400 VUs, 37635 complete and 0 interrupted iterations
rampup   [  98% ] 002/400 VUs  13m40.9s/14m0s  005.00 iters/s

running (13m41.9s), 001/400 VUs, 37641 complete and 0 interrupted iterations
rampup   [  98% ] 001/400 VUs  13m41.9s/14m0s  005.00 iters/s

running (13m42.9s), 000/400 VUs, 37647 complete and 0 interrupted iterations
rampup   [  98% ] 000/400 VUs  13m42.9s/14m0s  005.00 iters/s

running (13m44.0s), 001/400 VUs, 37651 complete and 0 interrupted iterations
rampup   [  98% ] 001/400 VUs  13m44.0s/14m0s  005.00 iters/s

running (13m44.9s), 002/400 VUs, 37655 complete and 0 interrupted iterations
rampup   [  98% ] 002/400 VUs  13m44.9s/14m0s  005.00 iters/s

running (13m45.9s), 001/400 VUs, 37661 complete and 0 interrupted iterations
rampup   [  98% ] 001/400 VUs  13m45.9s/14m0s  005.00 iters/s

running (13m46.9s), 002/400 VUs, 37665 complete and 0 interrupted iterations
rampup   [  98% ] 002/400 VUs  13m46.9s/14m0s  005.00 iters/s

running (13m47.9s), 001/400 VUs, 37671 complete and 0 interrupted iterations
rampup   [  99% ] 001/400 VUs  13m47.9s/14m0s  005.00 iters/s

running (13m48.9s), 002/400 VUs, 37675 complete and 0 interrupted iterations
rampup   [  99% ] 002/400 VUs  13m48.9s/14m0s  005.00 iters/s

running (13m49.9s), 001/400 VUs, 37681 complete and 0 interrupted iterations
rampup   [  99% ] 001/400 VUs  13m49.9s/14m0s  005.00 iters/s

running (13m50.9s), 002/400 VUs, 37685 complete and 0 interrupted iterations
rampup   [  99% ] 002/400 VUs  13m50.9s/14m0s  005.00 iters/s

running (13m51.9s), 001/400 VUs, 37691 complete and 0 interrupted iterations
rampup   [  99% ] 001/400 VUs  13m51.9s/14m0s  005.00 iters/s

running (13m52.9s), 001/400 VUs, 37696 complete and 0 interrupted iterations
rampup   [  99% ] 001/400 VUs  13m52.9s/14m0s  005.00 iters/s

running (13m53.9s), 002/400 VUs, 37700 complete and 0 interrupted iterations
rampup   [  99% ] 002/400 VUs  13m53.9s/14m0s  005.00 iters/s

running (13m54.9s), 001/400 VUs, 37706 complete and 0 interrupted iterations
rampup   [  99% ] 001/400 VUs  13m54.9s/14m0s  005.00 iters/s

running (13m55.9s), 002/400 VUs, 37710 complete and 0 interrupted iterations
rampup   [ 100% ] 002/400 VUs  13m55.9s/14m0s  005.00 iters/s

running (13m56.9s), 001/400 VUs, 37716 complete and 0 interrupted iterations
rampup   [ 100% ] 001/400 VUs  13m56.9s/14m0s  005.00 iters/s

running (13m57.9s), 002/400 VUs, 37720 complete and 0 interrupted iterations
rampup   [ 100% ] 002/400 VUs  13m57.9s/14m0s  005.00 iters/s

running (13m58.9s), 001/400 VUs, 37726 complete and 0 interrupted iterations
rampup   [ 100% ] 001/400 VUs  13m58.9s/14m0s  005.00 iters/s

running (13m59.9s), 002/400 VUs, 37730 complete and 0 interrupted iterations
rampup   [ 100% ] 002/400 VUs  13m59.9s/14m0s  005.00 iters/s


  █ THRESHOLDS 

    http_req_duration
    ✗ 'p(95)<3000' p(95)=3.72s

    http_req_failed
    ✓ 'rate<0.01' rate=0.32%


  █ TOTAL RESULTS 

    checks_total.......: 37732  44.918194/s
    checks_succeeded...: 99.44% 37524 out of 37732
    checks_failed......: 0.55%  208 out of 37732

    ✗ created
      ↳  99% — ✓ 37524 / ✗ 208

    CUSTOM
    complaints_created.............: 37524 44.670579/s

    HTTP
    http_req_duration..............: avg=1.3s  min=4.31ms  med=910.82ms max=15.61s p(90)=2.93s p(95)=3.72s
      { expected_response:true }...: avg=1.28s min=4.31ms  med=907.29ms max=15.61s p(90)=2.9s  p(95)=3.66s
    http_req_failed................: 0.32% 244 out of 75464
    http_reqs......................: 75464 89.836387/s

    EXECUTION
    dropped_iterations.............: 4417  5.258233/s
    iteration_duration.............: avg=2.61s min=18.55ms med=2.29s    max=19.77s p(90)=5.32s p(95)=6.61s
    iterations.....................: 37732 44.918194/s
    vus............................: 2     min=0            max=400
    vus_max........................: 400   min=50           max=400

    NETWORK
    data_received..................: 51 MB 60 kB/s
    data_sent......................: 15 MB 17 kB/s




running (14m00.0s), 000/400 VUs, 37732 complete and 0 interrupted iterations
rampup ✓ [ 100% ] 000/400 VUs  14m0s  005.00 iters/s
time="2026-09-27T17:44:14+05:00" level=error msg="thresholds on metrics 'http_req_duration' have been crossed"
